-- phpMyAdmin SQL Dump
-- version 5.2.0
-- https://www.phpmyadmin.net/
--
-- Host: 127.0.0.1
-- Generation Time: Mar 03, 2023 at 08:43 AM
-- Server version: 10.4.27-MariaDB
-- PHP Version: 8.2.0

SET SQL_MODE = "NO_AUTO_VALUE_ON_ZERO";
START TRANSACTION;
SET time_zone = "+00:00";


/*!40101 SET @OLD_CHARACTER_SET_CLIENT=@@CHARACTER_SET_CLIENT */;
/*!40101 SET @OLD_CHARACTER_SET_RESULTS=@@CHARACTER_SET_RESULTS */;
/*!40101 SET @OLD_COLLATION_CONNECTION=@@COLLATION_CONNECTION */;
/*!40101 SET NAMES utf8mb4 */;

--
-- Database: `webspp`
--

-- --------------------------------------------------------

--
-- Table structure for table `admin`
--

CREATE TABLE `admin` (
  `id_admin` int(11) NOT NULL,
  `nama_admin` varchar(50) NOT NULL,
  `user_admin` varchar(50) NOT NULL,
  `pass_admin` varchar(50) NOT NULL
) ENGINE=InnoDB DEFAULT CHARSET=utf8mb4 COLLATE=utf8mb4_general_ci;

--
-- Dumping data for table `admin`
--

INSERT INTO `admin` (`id_admin`, `nama_admin`, `user_admin`, `pass_admin`) VALUES
(1, 'Widi Ar', 'widi', 'widi'),
(2, 'Admin', 'admin', 'admin');

-- --------------------------------------------------------

--
-- Table structure for table `angkatan`
--

CREATE TABLE `angkatan` (
  `id_angkatan` int(11) NOT NULL,
  `nama_angkatan` varchar(50) NOT NULL,
  `biaya` varchar(50) NOT NULL
) ENGINE=InnoDB DEFAULT CHARSET=utf8mb4 COLLATE=utf8mb4_general_ci;

--
-- Dumping data for table `angkatan`
--

INSERT INTO `angkatan` (`id_angkatan`, `nama_angkatan`, `biaya`) VALUES
(1, '01', '20000');

-- --------------------------------------------------------

--
-- Table structure for table `kelas`
--

CREATE TABLE `kelas` (
  `id_kelas` int(11) NOT NULL,
  `nama_kelas` varchar(50) NOT NULL
) ENGINE=InnoDB DEFAULT CHARSET=utf8mb4 COLLATE=utf8mb4_general_ci;

--
-- Dumping data for table `kelas`
--

INSERT INTO `kelas` (`id_kelas`, `nama_kelas`) VALUES
(1, '2B');

-- --------------------------------------------------------

--
-- Table structure for table `pembayaran`
--

CREATE TABLE `pembayaran` (
  `idspp` int(11) NOT NULL,
  `id_siswa` int(11) DEFAULT NULL,
  `jatuhtempo` varchar(50) NOT NULL,
  `bulan` varchar(50) NOT NULL,
  `nobayar` varchar(50) NOT NULL,
  `tglbayar` varchar(50) DEFAULT NULL,
  `jumlah` varchar(50) NOT NULL,
  `ket` varchar(50) DEFAULT NULL,
  `id_admin` int(11) NOT NULL
) ENGINE=InnoDB DEFAULT CHARSET=utf8mb4 COLLATE=utf8mb4_general_ci;

--
-- Dumping data for table `pembayaran`
--

INSERT INTO `pembayaran` (`idspp`, `id_siswa`, `jatuhtempo`, `bulan`, `nobayar`, `tglbayar`, `jumlah`, `ket`, `id_admin`) VALUES
(601, 17, '2025-02-26', 'Februari  2025', '', NULL, '20000', NULL, 0),
(602, 17, '2025-03-26', 'Maret  2025', '', NULL, '20000', NULL, 0),
(603, 17, '2025-04-26', 'April  2025', '', NULL, '20000', NULL, 0),
(604, 17, '2025-05-26', 'Mei  2025', '', NULL, '20000', NULL, 0),
(605, 17, '2025-06-26', 'Juni  2025', '', NULL, '20000', NULL, 0),
(606, 17, '2025-07-26', 'Juli  2025', '', NULL, '20000', NULL, 0),
(607, 17, '2025-08-26', 'Agustus  2025', '', NULL, '20000', NULL, 0),
(608, 17, '2025-09-26', 'September  2025', '', NULL, '20000', NULL, 0),
(609, 17, '2025-10-26', 'Oktober  2025', '', NULL, '20000', NULL, 0),
(610, 17, '2025-11-26', 'November  2025', '', NULL, '20000', NULL, 0),
(611, 17, '2025-12-26', 'Desember  2025', '', NULL, '20000', NULL, 0),
(612, 17, '2026-01-26', 'Januari  2026', '', NULL, '20000', NULL, 1),
(613, 18, '2023-02-26', 'Februari  2023', '', NULL, '20000', NULL, 0),
(614, 18, '2023-03-26', 'Maret  2023', '', NULL, '20000', NULL, 0),
(615, 18, '2023-04-26', 'April  2023', '', NULL, '20000', NULL, 0),
(616, 18, '2023-05-26', 'Mei  2023', '', NULL, '20000', NULL, 0),
(617, 18, '2023-06-26', 'Juni  2023', '', NULL, '20000', NULL, 0),
(618, 18, '2023-07-26', 'Juli  2023', '', NULL, '20000', NULL, 0),
(619, 18, '2023-08-26', 'Agustus  2023', '', NULL, '20000', NULL, 0),
(620, 18, '2023-09-26', 'September  2023', '', NULL, '20000', NULL, 0),
(621, 18, '2023-10-26', 'Oktober  2023', '', NULL, '20000', NULL, 0),
(622, 18, '2023-11-26', 'November  2023', '', NULL, '20000', NULL, 0),
(623, 18, '2023-12-26', 'Desember  2023', '', NULL, '20000', NULL, 0),
(624, 18, '2024-01-26', 'Januari  2024', '', NULL, '20000', NULL, 0),
(625, 18, '2024-02-26', 'Februari  2024', '', NULL, '20000', NULL, 0),
(626, 18, '2024-03-26', 'Maret  2024', '', NULL, '20000', NULL, 0),
(627, 18, '2024-04-26', 'April  2024', '', NULL, '20000', NULL, 0),
(628, 18, '2024-05-26', 'Mei  2024', '', NULL, '20000', NULL, 0),
(629, 18, '2024-06-26', 'Juni  2024', '', NULL, '20000', NULL, 0),
(630, 18, '2024-07-26', 'Juli  2024', '', NULL, '20000', NULL, 0),
(631, 18, '2024-08-26', 'Agustus  2024', '', NULL, '20000', NULL, 0),
(632, 18, '2024-09-26', 'September  2024', '', NULL, '20000', NULL, 0),
(633, 18, '2024-10-26', 'Oktober  2024', '', NULL, '20000', NULL, 0),
(634, 18, '2024-11-26', 'November  2024', '', NULL, '20000', NULL, 0),
(635, 18, '2024-12-26', 'Desember  2024', '', NULL, '20000', NULL, 0),
(636, 18, '2025-01-26', 'Januari  2025', '', NULL, '20000', NULL, 0),
(637, 18, '2025-02-26', 'Februari  2025', '', NULL, '20000', NULL, 0),
(638, 18, '2025-03-26', 'Maret  2025', '', NULL, '20000', NULL, 0),
(639, 18, '2025-04-26', 'April  2025', '', NULL, '20000', NULL, 0),
(640, 18, '2025-05-26', 'Mei  2025', '', NULL, '20000', NULL, 0),
(641, 18, '2025-06-26', 'Juni  2025', '', NULL, '20000', NULL, 0),
(642, 18, '2025-07-26', 'Juli  2025', '', NULL, '20000', NULL, 0),
(643, 18, '2025-08-26', 'Agustus  2025', '', NULL, '20000', NULL, 0),
(644, 18, '2025-09-26', 'September  2025', '', NULL, '20000', NULL, 0),
(645, 18, '2025-10-26', 'Oktober  2025', '', NULL, '20000', NULL, 0),
(646, 18, '2025-11-26', 'November  2025', '', NULL, '20000', NULL, 0),
(647, 18, '2025-12-26', 'Desember  2025', '', NULL, '20000', NULL, 0),
(648, 18, '2026-01-26', 'Januari  2026', '', NULL, '20000', NULL, 0),
(649, 19, '2023-02-26', 'Februari  2023', '', NULL, '20000', NULL, 0),
(650, 19, '2023-03-26', 'Maret  2023', '', NULL, '20000', NULL, 0),
(651, 19, '2023-04-26', 'April  2023', '', NULL, '20000', NULL, 0),
(652, 19, '2023-05-26', 'Mei  2023', '', NULL, '20000', NULL, 0),
(653, 19, '2023-06-26', 'Juni  2023', '', NULL, '20000', NULL, 0),
(654, 19, '2023-07-26', 'Juli  2023', '', NULL, '20000', NULL, 0),
(655, 19, '2023-08-26', 'Agustus  2023', '', NULL, '20000', NULL, 0),
(656, 19, '2023-09-26', 'September  2023', '', NULL, '20000', NULL, 0),
(657, 19, '2023-10-26', 'Oktober  2023', '', NULL, '20000', NULL, 0),
(658, 19, '2023-11-26', 'November  2023', '', NULL, '20000', NULL, 0),
(659, 19, '2023-12-26', 'Desember  2023', '', NULL, '20000', NULL, 0),
(660, 19, '2024-01-26', 'Januari  2024', '', NULL, '20000', NULL, 0),
(661, 19, '2024-02-26', 'Februari  2024', '', NULL, '20000', NULL, 0),
(662, 19, '2024-03-26', 'Maret  2024', '', NULL, '20000', NULL, 0),
(663, 19, '2024-04-26', 'April  2024', '', NULL, '20000', NULL, 0),
(664, 19, '2024-05-26', 'Mei  2024', '', NULL, '20000', NULL, 0),
(665, 19, '2024-06-26', 'Juni  2024', '', NULL, '20000', NULL, 0),
(666, 19, '2024-07-26', 'Juli  2024', '', NULL, '20000', NULL, 0),
(667, 19, '2024-08-26', 'Agustus  2024', '', NULL, '20000', NULL, 0),
(668, 19, '2024-09-26', 'September  2024', '', NULL, '20000', NULL, 0),
(669, 19, '2024-10-26', 'Oktober  2024', '', NULL, '20000', NULL, 0),
(670, 19, '2024-11-26', 'November  2024', '', NULL, '20000', NULL, 0),
(671, 19, '2024-12-26', 'Desember  2024', '', NULL, '20000', NULL, 0),
(672, 19, '2025-01-26', 'Januari  2025', '', NULL, '20000', NULL, 0),
(673, 19, '2025-02-26', 'Februari  2025', '', NULL, '20000', NULL, 0),
(674, 19, '2025-03-26', 'Maret  2025', '', NULL, '20000', NULL, 0),
(675, 19, '2025-04-26', 'April  2025', '', NULL, '20000', NULL, 0),
(676, 19, '2025-05-26', 'Mei  2025', '', NULL, '20000', NULL, 0),
(677, 19, '2025-06-26', 'Juni  2025', '', NULL, '20000', NULL, 0),
(678, 19, '2025-07-26', 'Juli  2025', '', NULL, '20000', NULL, 0),
(679, 19, '2025-08-26', 'Agustus  2025', '', NULL, '20000', NULL, 0),
(680, 19, '2025-09-26', 'September  2025', '', NULL, '20000', NULL, 0),
(681, 19, '2025-10-26', 'Oktober  2025', '', NULL, '20000', NULL, 0),
(682, 19, '2025-11-26', 'November  2025', '', NULL, '20000', NULL, 0),
(683, 19, '2025-12-26', 'Desember  2025', '', NULL, '20000', NULL, 0),
(684, 19, '2026-01-26', 'Januari  2026', '', NULL, '20000', NULL, 0),
(685, 20, '2023-02-26', 'Februari  2023', '', NULL, '20000', NULL, 0),
(686, 20, '2023-03-26', 'Maret  2023', '', NULL, '20000', NULL, 0),
(687, 20, '2023-04-26', 'April  2023', '', NULL, '20000', NULL, 0),
(688, 20, '2023-05-26', 'Mei  2023', '', NULL, '20000', NULL, 0),
(689, 20, '2023-06-26', 'Juni  2023', '', NULL, '20000', NULL, 0),
(690, 20, '2023-07-26', 'Juli  2023', '', NULL, '20000', NULL, 0),
(691, 20, '2023-08-26', 'Agustus  2023', '', NULL, '20000', NULL, 0),
(692, 20, '2023-09-26', 'September  2023', '', NULL, '20000', NULL, 0),
(693, 20, '2023-10-26', 'Oktober  2023', '', NULL, '20000', NULL, 0),
(694, 20, '2023-11-26', 'November  2023', '', NULL, '20000', NULL, 0),
(695, 20, '2023-12-26', 'Desember  2023', '', NULL, '20000', NULL, 0),
(696, 20, '2024-01-26', 'Januari  2024', '', NULL, '20000', NULL, 0),
(697, 20, '2024-02-26', 'Februari  2024', '', NULL, '20000', NULL, 0),
(698, 20, '2024-03-26', 'Maret  2024', '', NULL, '20000', NULL, 0),
(699, 20, '2024-04-26', 'April  2024', '', NULL, '20000', NULL, 0),
(700, 20, '2024-05-26', 'Mei  2024', '', NULL, '20000', NULL, 0),
(701, 20, '2024-06-26', 'Juni  2024', '', NULL, '20000', NULL, 0),
(702, 20, '2024-07-26', 'Juli  2024', '', NULL, '20000', NULL, 0),
(703, 20, '2024-08-26', 'Agustus  2024', '', NULL, '20000', NULL, 0),
(704, 20, '2024-09-26', 'September  2024', '', NULL, '20000', NULL, 0),
(705, 20, '2024-10-26', 'Oktober  2024', '', NULL, '20000', NULL, 0),
(706, 20, '2024-11-26', 'November  2024', '', NULL, '20000', NULL, 0),
(707, 20, '2024-12-26', 'Desember  2024', '', NULL, '20000', NULL, 0),
(708, 20, '2025-01-26', 'Januari  2025', '', NULL, '20000', NULL, 0),
(709, 20, '2025-02-26', 'Februari  2025', '', NULL, '20000', NULL, 0),
(710, 20, '2025-03-26', 'Maret  2025', '', NULL, '20000', NULL, 0),
(711, 20, '2025-04-26', 'April  2025', '', NULL, '20000', NULL, 0),
(712, 20, '2025-05-26', 'Mei  2025', '', NULL, '20000', NULL, 0),
(713, 20, '2025-06-26', 'Juni  2025', '', NULL, '20000', NULL, 0),
(714, 20, '2025-07-26', 'Juli  2025', '', NULL, '20000', NULL, 0),
(715, 20, '2025-08-26', 'Agustus  2025', '', NULL, '20000', NULL, 0),
(716, 20, '2025-09-26', 'September  2025', '', NULL, '20000', NULL, 0),
(717, 20, '2025-10-26', 'Oktober  2025', '', NULL, '20000', NULL, 0),
(718, 20, '2025-11-26', 'November  2025', '', NULL, '20000', NULL, 0),
(719, 20, '2025-12-26', 'Desember  2025', '', NULL, '20000', NULL, 0),
(720, 20, '2026-01-26', 'Januari  2026', '', NULL, '20000', NULL, 0),
(721, 21, '2023-02-26', 'Februari  2023', '', NULL, '20000', NULL, 0),
(722, 21, '2023-03-26', 'Maret  2023', '', NULL, '20000', NULL, 0),
(723, 21, '2023-04-26', 'April  2023', '', NULL, '20000', NULL, 0),
(724, 21, '2023-05-26', 'Mei  2023', '', NULL, '20000', NULL, 0),
(725, 21, '2023-06-26', 'Juni  2023', '', NULL, '20000', NULL, 0),
(726, 21, '2023-07-26', 'Juli  2023', '', NULL, '20000', NULL, 0),
(727, 21, '2023-08-26', 'Agustus  2023', '', NULL, '20000', NULL, 0),
(728, 21, '2023-09-26', 'September  2023', '', NULL, '20000', NULL, 0),
(729, 21, '2023-10-26', 'Oktober  2023', '', NULL, '20000', NULL, 0),
(730, 21, '2023-11-26', 'November  2023', '', NULL, '20000', NULL, 0),
(731, 21, '2023-12-26', 'Desember  2023', '', NULL, '20000', NULL, 0),
(732, 21, '2024-01-26', 'Januari  2024', '', NULL, '20000', NULL, 0),
(733, 21, '2024-02-26', 'Februari  2024', '', NULL, '20000', NULL, 0),
(734, 21, '2024-03-26', 'Maret  2024', '', NULL, '20000', NULL, 0),
(735, 21, '2024-04-26', 'April  2024', '', NULL, '20000', NULL, 0),
(736, 21, '2024-05-26', 'Mei  2024', '', NULL, '20000', NULL, 0),
(737, 21, '2024-06-26', 'Juni  2024', '', NULL, '20000', NULL, 0),
(738, 21, '2024-07-26', 'Juli  2024', '', NULL, '20000', NULL, 0),
(739, 21, '2024-08-26', 'Agustus  2024', '', NULL, '20000', NULL, 0),
(740, 21, '2024-09-26', 'September  2024', '', NULL, '20000', NULL, 0),
(741, 21, '2024-10-26', 'Oktober  2024', '', NULL, '20000', NULL, 0),
(742, 21, '2024-11-26', 'November  2024', '', NULL, '20000', NULL, 0),
(743, 21, '2024-12-26', 'Desember  2024', '', NULL, '20000', NULL, 0),
(744, 21, '2025-01-26', 'Januari  2025', '', NULL, '20000', NULL, 0),
(745, 21, '2025-02-26', 'Februari  2025', '', NULL, '20000', NULL, 0),
(746, 21, '2025-03-26', 'Maret  2025', '', NULL, '20000', NULL, 0),
(747, 21, '2025-04-26', 'April  2025', '', NULL, '20000', NULL, 0),
(748, 21, '2025-05-26', 'Mei  2025', '', NULL, '20000', NULL, 0),
(749, 21, '2025-06-26', 'Juni  2025', '', NULL, '20000', NULL, 0),
(750, 21, '2025-07-26', 'Juli  2025', '', NULL, '20000', NULL, 0),
(751, 21, '2025-08-26', 'Agustus  2025', '', NULL, '20000', NULL, 0),
(752, 21, '2025-09-26', 'September  2025', '', NULL, '20000', NULL, 0),
(753, 21, '2025-10-26', 'Oktober  2025', '', NULL, '20000', NULL, 0),
(754, 21, '2025-11-26', 'November  2025', '', NULL, '20000', NULL, 0),
(755, 21, '2025-12-26', 'Desember  2025', '', NULL, '20000', NULL, 0),
(756, 21, '2026-01-26', 'Januari  2026', '', NULL, '20000', NULL, 0),
(757, 22, '2023-02-26', 'Februari  2023', '', NULL, '20000', NULL, 0),
(758, 22, '2023-03-26', 'Maret  2023', '', NULL, '20000', NULL, 0),
(759, 22, '2023-04-26', 'April  2023', '', NULL, '20000', NULL, 0),
(760, 22, '2023-05-26', 'Mei  2023', '', NULL, '20000', NULL, 0),
(761, 22, '2023-06-26', 'Juni  2023', '', NULL, '20000', NULL, 0),
(762, 22, '2023-07-26', 'Juli  2023', '', NULL, '20000', NULL, 0),
(763, 22, '2023-08-26', 'Agustus  2023', '', NULL, '20000', NULL, 0),
(764, 22, '2023-09-26', 'September  2023', '', NULL, '20000', NULL, 0),
(765, 22, '2023-10-26', 'Oktober  2023', '', NULL, '20000', NULL, 0),
(766, 22, '2023-11-26', 'November  2023', '', NULL, '20000', NULL, 0),
(767, 22, '2023-12-26', 'Desember  2023', '', NULL, '20000', NULL, 0),
(768, 22, '2024-01-26', 'Januari  2024', '', NULL, '20000', NULL, 0),
(769, 22, '2024-02-26', 'Februari  2024', '', NULL, '20000', NULL, 0),
(770, 22, '2024-03-26', 'Maret  2024', '', NULL, '20000', NULL, 0),
(771, 22, '2024-04-26', 'April  2024', '', NULL, '20000', NULL, 0),
(772, 22, '2024-05-26', 'Mei  2024', '', NULL, '20000', NULL, 0),
(773, 22, '2024-06-26', 'Juni  2024', '', NULL, '20000', NULL, 0),
(774, 22, '2024-07-26', 'Juli  2024', '', NULL, '20000', NULL, 0),
(775, 22, '2024-08-26', 'Agustus  2024', '', NULL, '20000', NULL, 0),
(776, 22, '2024-09-26', 'September  2024', '', NULL, '20000', NULL, 0),
(777, 22, '2024-10-26', 'Oktober  2024', '', NULL, '20000', NULL, 0),
(778, 22, '2024-11-26', 'November  2024', '', NULL, '20000', NULL, 0),
(779, 22, '2024-12-26', 'Desember  2024', '', NULL, '20000', NULL, 0),
(780, 22, '2025-01-26', 'Januari  2025', '', NULL, '20000', NULL, 0),
(781, 22, '2025-02-26', 'Februari  2025', '', NULL, '20000', NULL, 0),
(782, 22, '2025-03-26', 'Maret  2025', '', NULL, '20000', NULL, 0),
(783, 22, '2025-04-26', 'April  2025', '', NULL, '20000', NULL, 0),
(784, 22, '2025-05-26', 'Mei  2025', '', NULL, '20000', NULL, 0),
(785, 22, '2025-06-26', 'Juni  2025', '', NULL, '20000', NULL, 0),
(786, 22, '2025-07-26', 'Juli  2025', '', NULL, '20000', NULL, 0),
(787, 22, '2025-08-26', 'Agustus  2025', '', NULL, '20000', NULL, 0),
(788, 22, '2025-09-26', 'September  2025', '', NULL, '20000', NULL, 0),
(789, 22, '2025-10-26', 'Oktober  2025', '', NULL, '20000', NULL, 0),
(790, 22, '2025-11-26', 'November  2025', '', NULL, '20000', NULL, 0),
(791, 22, '2025-12-26', 'Desember  2025', '', NULL, '20000', NULL, 0),
(792, 22, '2026-01-26', 'Januari  2026', '', NULL, '20000', NULL, 0),
(793, 23, '2023-02-26', 'Februari  2023', '', NULL, '20000', NULL, 0),
(794, 23, '2023-03-26', 'Maret  2023', '', NULL, '20000', NULL, 0),
(795, 23, '2023-04-26', 'April  2023', '', NULL, '20000', NULL, 0),
(796, 23, '2023-05-26', 'Mei  2023', '', NULL, '20000', NULL, 0),
(797, 23, '2023-06-26', 'Juni  2023', '', NULL, '20000', NULL, 0),
(798, 23, '2023-07-26', 'Juli  2023', '', NULL, '20000', NULL, 0),
(799, 23, '2023-08-26', 'Agustus  2023', '', NULL, '20000', NULL, 0),
(800, 23, '2023-09-26', 'September  2023', '', NULL, '20000', NULL, 0),
(801, 23, '2023-10-26', 'Oktober  2023', '', NULL, '20000', NULL, 0),
(802, 23, '2023-11-26', 'November  2023', '', NULL, '20000', NULL, 0),
(803, 23, '2023-12-26', 'Desember  2023', '', NULL, '20000', NULL, 0),
(804, 23, '2024-01-26', 'Januari  2024', '', NULL, '20000', NULL, 0),
(805, 23, '2024-02-26', 'Februari  2024', '', NULL, '20000', NULL, 0),
(806, 23, '2024-03-26', 'Maret  2024', '', NULL, '20000', NULL, 0),
(807, 23, '2024-04-26', 'April  2024', '', NULL, '20000', NULL, 0),
(808, 23, '2024-05-26', 'Mei  2024', '', NULL, '20000', NULL, 0),
(809, 23, '2024-06-26', 'Juni  2024', '', NULL, '20000', NULL, 0),
(810, 23, '2024-07-26', 'Juli  2024', '', NULL, '20000', NULL, 0),
(811, 23, '2024-08-26', 'Agustus  2024', '', NULL, '20000', NULL, 0),
(812, 23, '2024-09-26', 'September  2024', '', NULL, '20000', NULL, 0),
(813, 23, '2024-10-26', 'Oktober  2024', '', NULL, '20000', NULL, 0),
(814, 23, '2024-11-26', 'November  2024', '', NULL, '20000', NULL, 0),
(815, 23, '2024-12-26', 'Desember  2024', '', NULL, '20000', NULL, 0),
(816, 23, '2025-01-26', 'Januari  2025', '', NULL, '20000', NULL, 0),
(817, 23, '2025-02-26', 'Februari  2025', '', NULL, '20000', NULL, 0),
(818, 23, '2025-03-26', 'Maret  2025', '', NULL, '20000', NULL, 0),
(819, 23, '2025-04-26', 'April  2025', '', NULL, '20000', NULL, 0),
(820, 23, '2025-05-26', 'Mei  2025', '', NULL, '20000', NULL, 0),
(821, 23, '2025-06-26', 'Juni  2025', '', NULL, '20000', NULL, 0),
(822, 23, '2025-07-26', 'Juli  2025', '', NULL, '20000', NULL, 0),
(823, 23, '2025-08-26', 'Agustus  2025', '', NULL, '20000', NULL, 0),
(824, 23, '2025-09-26', 'September  2025', '', NULL, '20000', NULL, 0),
(825, 23, '2025-10-26', 'Oktober  2025', '', NULL, '20000', NULL, 0),
(826, 23, '2025-11-26', 'November  2025', '', NULL, '20000', NULL, 0),
(827, 23, '2025-12-26', 'Desember  2025', '', NULL, '20000', NULL, 0),
(828, 23, '2026-01-26', 'Januari  2026', '', NULL, '20000', NULL, 0),
(829, 24, '2023-02-26', 'Februari  2023', '', NULL, '20000', NULL, 0),
(830, 24, '2023-03-26', 'Maret  2023', '', NULL, '20000', NULL, 0),
(831, 24, '2023-04-26', 'April  2023', '', NULL, '20000', NULL, 0),
(832, 24, '2023-05-26', 'Mei  2023', '', NULL, '20000', NULL, 0),
(833, 24, '2023-06-26', 'Juni  2023', '', NULL, '20000', NULL, 0),
(834, 24, '2023-07-26', 'Juli  2023', '', NULL, '20000', NULL, 0),
(835, 24, '2023-08-26', 'Agustus  2023', '', NULL, '20000', NULL, 0),
(836, 24, '2023-09-26', 'September  2023', '', NULL, '20000', NULL, 0),
(837, 24, '2023-10-26', 'Oktober  2023', '', NULL, '20000', NULL, 0),
(838, 24, '2023-11-26', 'November  2023', '', NULL, '20000', NULL, 0),
(839, 24, '2023-12-26', 'Desember  2023', '', NULL, '20000', NULL, 0),
(840, 24, '2024-01-26', 'Januari  2024', '', NULL, '20000', NULL, 0),
(841, 24, '2024-02-26', 'Februari  2024', '', NULL, '20000', NULL, 0),
(842, 24, '2024-03-26', 'Maret  2024', '', NULL, '20000', NULL, 0),
(843, 24, '2024-04-26', 'April  2024', '', NULL, '20000', NULL, 0),
(844, 24, '2024-05-26', 'Mei  2024', '', NULL, '20000', NULL, 0),
(845, 24, '2024-06-26', 'Juni  2024', '', NULL, '20000', NULL, 0),
(846, 24, '2024-07-26', 'Juli  2024', '', NULL, '20000', NULL, 0),
(847, 24, '2024-08-26', 'Agustus  2024', '', NULL, '20000', NULL, 0),
(848, 24, '2024-09-26', 'September  2024', '', NULL, '20000', NULL, 0),
(849, 24, '2024-10-26', 'Oktober  2024', '', NULL, '20000', NULL, 0),
(850, 24, '2024-11-26', 'November  2024', '', NULL, '20000', NULL, 0),
(851, 24, '2024-12-26', 'Desember  2024', '', NULL, '20000', NULL, 0),
(852, 24, '2025-01-26', 'Januari  2025', '', NULL, '20000', NULL, 0),
(853, 24, '2025-02-26', 'Februari  2025', '', NULL, '20000', NULL, 0),
(854, 24, '2025-03-26', 'Maret  2025', '', NULL, '20000', NULL, 0),
(855, 24, '2025-04-26', 'April  2025', '', NULL, '20000', NULL, 0),
(856, 24, '2025-05-26', 'Mei  2025', '', NULL, '20000', NULL, 0),
(857, 24, '2025-06-26', 'Juni  2025', '', NULL, '20000', NULL, 0),
(858, 24, '2025-07-26', 'Juli  2025', '', NULL, '20000', NULL, 0),
(859, 24, '2025-08-26', 'Agustus  2025', '', NULL, '20000', NULL, 0),
(860, 24, '2025-09-26', 'September  2025', '', NULL, '20000', NULL, 0),
(861, 24, '2025-10-26', 'Oktober  2025', '', NULL, '20000', NULL, 0),
(862, 24, '2025-11-26', 'November  2025', '', NULL, '20000', NULL, 0),
(863, 24, '2025-12-26', 'Desember  2025', '', NULL, '20000', NULL, 0),
(864, 24, '2026-01-26', 'Januari  2026', '', NULL, '20000', NULL, 0),
(865, 25, '2023-02-26', 'Februari  2023', '', NULL, '20000', NULL, 0),
(866, 25, '2023-03-26', 'Maret  2023', '', NULL, '20000', NULL, 0),
(867, 25, '2023-04-26', 'April  2023', '', NULL, '20000', NULL, 0),
(868, 25, '2023-05-26', 'Mei  2023', '', NULL, '20000', NULL, 0),
(869, 25, '2023-06-26', 'Juni  2023', '', NULL, '20000', NULL, 0),
(870, 25, '2023-07-26', 'Juli  2023', '', NULL, '20000', NULL, 0),
(871, 25, '2023-08-26', 'Agustus  2023', '', NULL, '20000', NULL, 0),
(872, 25, '2023-09-26', 'September  2023', '', NULL, '20000', NULL, 0),
(873, 25, '2023-10-26', 'Oktober  2023', '', NULL, '20000', NULL, 0),
(874, 25, '2023-11-26', 'November  2023', '', NULL, '20000', NULL, 0),
(875, 25, '2023-12-26', 'Desember  2023', '', NULL, '20000', NULL, 0),
(876, 25, '2024-01-26', 'Januari  2024', '', NULL, '20000', NULL, 0),
(877, 25, '2024-02-26', 'Februari  2024', '', NULL, '20000', NULL, 0),
(878, 25, '2024-03-26', 'Maret  2024', '', NULL, '20000', NULL, 0),
(879, 25, '2024-04-26', 'April  2024', '', NULL, '20000', NULL, 0),
(880, 25, '2024-05-26', 'Mei  2024', '', NULL, '20000', NULL, 0),
(881, 25, '2024-06-26', 'Juni  2024', '', NULL, '20000', NULL, 0),
(882, 25, '2024-07-26', 'Juli  2024', '', NULL, '20000', NULL, 0),
(883, 25, '2024-08-26', 'Agustus  2024', '', NULL, '20000', NULL, 0),
(884, 25, '2024-09-26', 'September  2024', '', NULL, '20000', NULL, 0),
(885, 25, '2024-10-26', 'Oktober  2024', '', NULL, '20000', NULL, 0),
(886, 25, '2024-11-26', 'November  2024', '', NULL, '20000', NULL, 0),
(887, 25, '2024-12-26', 'Desember  2024', '', NULL, '20000', NULL, 0),
(888, 25, '2025-01-26', 'Januari  2025', '', NULL, '20000', NULL, 0),
(889, 25, '2025-02-26', 'Februari  2025', '', NULL, '20000', NULL, 0),
(890, 25, '2025-03-26', 'Maret  2025', '', NULL, '20000', NULL, 0),
(891, 25, '2025-04-26', 'April  2025', '', NULL, '20000', NULL, 0),
(892, 25, '2025-05-26', 'Mei  2025', '', NULL, '20000', NULL, 0),
(893, 25, '2025-06-26', 'Juni  2025', '', NULL, '20000', NULL, 0),
(894, 25, '2025-07-26', 'Juli  2025', '', NULL, '20000', NULL, 0),
(895, 25, '2025-08-26', 'Agustus  2025', '', NULL, '20000', NULL, 0),
(896, 25, '2025-09-26', 'September  2025', '', NULL, '20000', NULL, 0),
(897, 25, '2025-10-26', 'Oktober  2025', '', NULL, '20000', NULL, 0),
(898, 25, '2025-11-26', 'November  2025', '', NULL, '20000', NULL, 0),
(899, 25, '2025-12-26', 'Desember  2025', '', NULL, '20000', NULL, 0),
(900, 25, '2026-01-26', 'Januari  2026', '', NULL, '20000', NULL, 0),
(901, 26, '2023-02-26', 'Februari  2023', '', NULL, '20000', NULL, 0),
(902, 26, '2023-03-26', 'Maret  2023', '', NULL, '20000', NULL, 0),
(903, 26, '2023-04-26', 'April  2023', '', NULL, '20000', NULL, 0),
(904, 26, '2023-05-26', 'Mei  2023', '', NULL, '20000', NULL, 0),
(905, 26, '2023-06-26', 'Juni  2023', '', NULL, '20000', NULL, 0),
(906, 26, '2023-07-26', 'Juli  2023', '', NULL, '20000', NULL, 0),
(907, 26, '2023-08-26', 'Agustus  2023', '', NULL, '20000', NULL, 0),
(908, 26, '2023-09-26', 'September  2023', '', NULL, '20000', NULL, 0),
(909, 26, '2023-10-26', 'Oktober  2023', '', NULL, '20000', NULL, 0),
(910, 26, '2023-11-26', 'November  2023', '', NULL, '20000', NULL, 0),
(911, 26, '2023-12-26', 'Desember  2023', '', NULL, '20000', NULL, 0),
(912, 26, '2024-01-26', 'Januari  2024', '', NULL, '20000', NULL, 0),
(913, 26, '2024-02-26', 'Februari  2024', '', NULL, '20000', NULL, 0),
(914, 26, '2024-03-26', 'Maret  2024', '', NULL, '20000', NULL, 0),
(915, 26, '2024-04-26', 'April  2024', '', NULL, '20000', NULL, 0),
(916, 26, '2024-05-26', 'Mei  2024', '', NULL, '20000', NULL, 0),
(917, 26, '2024-06-26', 'Juni  2024', '', NULL, '20000', NULL, 0),
(918, 26, '2024-07-26', 'Juli  2024', '', NULL, '20000', NULL, 0),
(919, 26, '2024-08-26', 'Agustus  2024', '', NULL, '20000', NULL, 0),
(920, 26, '2024-09-26', 'September  2024', '', NULL, '20000', NULL, 0),
(921, 26, '2024-10-26', 'Oktober  2024', '', NULL, '20000', NULL, 0),
(922, 26, '2024-11-26', 'November  2024', '', NULL, '20000', NULL, 0),
(923, 26, '2024-12-26', 'Desember  2024', '', NULL, '20000', NULL, 0),
(924, 26, '2025-01-26', 'Januari  2025', '', NULL, '20000', NULL, 0),
(925, 26, '2025-02-26', 'Februari  2025', '', NULL, '20000', NULL, 0),
(926, 26, '2025-03-26', 'Maret  2025', '', NULL, '20000', NULL, 0),
(927, 26, '2025-04-26', 'April  2025', '', NULL, '20000', NULL, 0),
(928, 26, '2025-05-26', 'Mei  2025', '', NULL, '20000', NULL, 0),
(929, 26, '2025-06-26', 'Juni  2025', '', NULL, '20000', NULL, 0),
(930, 26, '2025-07-26', 'Juli  2025', '', NULL, '20000', NULL, 0),
(931, 26, '2025-08-26', 'Agustus  2025', '', NULL, '20000', NULL, 0),
(932, 26, '2025-09-26', 'September  2025', '', NULL, '20000', NULL, 0),
(933, 26, '2025-10-26', 'Oktober  2025', '', NULL, '20000', NULL, 0),
(934, 26, '2025-11-26', 'November  2025', '', NULL, '20000', NULL, 0),
(935, 26, '2025-12-26', 'Desember  2025', '', NULL, '20000', NULL, 0),
(936, 26, '2026-01-26', 'Januari  2026', '', NULL, '20000', NULL, 0),
(937, 27, '2023-02-26', 'Februari  2023', '', NULL, '20000', NULL, 0),
(938, 27, '2023-03-26', 'Maret  2023', '', NULL, '20000', NULL, 0),
(939, 27, '2023-04-26', 'April  2023', '', NULL, '20000', NULL, 0),
(940, 27, '2023-05-26', 'Mei  2023', '', NULL, '20000', NULL, 0),
(941, 27, '2023-06-26', 'Juni  2023', '', NULL, '20000', NULL, 0),
(942, 27, '2023-07-26', 'Juli  2023', '', NULL, '20000', NULL, 0),
(943, 27, '2023-08-26', 'Agustus  2023', '', NULL, '20000', NULL, 0),
(944, 27, '2023-09-26', 'September  2023', '', NULL, '20000', NULL, 0),
(945, 27, '2023-10-26', 'Oktober  2023', '', NULL, '20000', NULL, 0),
(946, 27, '2023-11-26', 'November  2023', '', NULL, '20000', NULL, 0),
(947, 27, '2023-12-26', 'Desember  2023', '', NULL, '20000', NULL, 0),
(948, 27, '2024-01-26', 'Januari  2024', '', NULL, '20000', NULL, 0),
(949, 27, '2024-02-26', 'Februari  2024', '', NULL, '20000', NULL, 0),
(950, 27, '2024-03-26', 'Maret  2024', '', NULL, '20000', NULL, 0),
(951, 27, '2024-04-26', 'April  2024', '', NULL, '20000', NULL, 0),
(952, 27, '2024-05-26', 'Mei  2024', '', NULL, '20000', NULL, 0),
(953, 27, '2024-06-26', 'Juni  2024', '', NULL, '20000', NULL, 0),
(954, 27, '2024-07-26', 'Juli  2024', '', NULL, '20000', NULL, 0),
(955, 27, '2024-08-26', 'Agustus  2024', '', NULL, '20000', NULL, 0),
(956, 27, '2024-09-26', 'September  2024', '', NULL, '20000', NULL, 0),
(957, 27, '2024-10-26', 'Oktober  2024', '', NULL, '20000', NULL, 0),
(958, 27, '2024-11-26', 'November  2024', '', NULL, '20000', NULL, 0),
(959, 27, '2024-12-26', 'Desember  2024', '', NULL, '20000', NULL, 0),
(960, 27, '2025-01-26', 'Januari  2025', '', NULL, '20000', NULL, 0),
(961, 27, '2025-02-26', 'Februari  2025', '', NULL, '20000', NULL, 0),
(962, 27, '2025-03-26', 'Maret  2025', '', NULL, '20000', NULL, 0),
(963, 27, '2025-04-26', 'April  2025', '', NULL, '20000', NULL, 0),
(964, 27, '2025-05-26', 'Mei  2025', '', NULL, '20000', NULL, 0),
(965, 27, '2025-06-26', 'Juni  2025', '', NULL, '20000', NULL, 0),
(966, 27, '2025-07-26', 'Juli  2025', '', NULL, '20000', NULL, 0),
(967, 27, '2025-08-26', 'Agustus  2025', '', NULL, '20000', NULL, 0),
(968, 27, '2025-09-26', 'September  2025', '', NULL, '20000', NULL, 0),
(969, 27, '2025-10-26', 'Oktober  2025', '', NULL, '20000', NULL, 0),
(970, 27, '2025-11-26', 'November  2025', '', NULL, '20000', NULL, 0),
(971, 27, '2025-12-26', 'Desember  2025', '', NULL, '20000', NULL, 0),
(972, 27, '2026-01-26', 'Januari  2026', '', NULL, '20000', NULL, 0),
(973, 28, '2023-02-26', 'Februari  2023', '', NULL, '20000', NULL, 0),
(974, 28, '2023-03-26', 'Maret  2023', '', NULL, '20000', NULL, 0),
(975, 28, '2023-04-26', 'April  2023', '', NULL, '20000', NULL, 0),
(976, 28, '2023-05-26', 'Mei  2023', '', NULL, '20000', NULL, 0),
(977, 28, '2023-06-26', 'Juni  2023', '', NULL, '20000', NULL, 0),
(978, 28, '2023-07-26', 'Juli  2023', '', NULL, '20000', NULL, 0),
(979, 28, '2023-08-26', 'Agustus  2023', '', NULL, '20000', NULL, 0),
(980, 28, '2023-09-26', 'September  2023', '', NULL, '20000', NULL, 0),
(981, 28, '2023-10-26', 'Oktober  2023', '', NULL, '20000', NULL, 0),
(982, 28, '2023-11-26', 'November  2023', '', NULL, '20000', NULL, 0),
(983, 28, '2023-12-26', 'Desember  2023', '', NULL, '20000', NULL, 0),
(984, 28, '2024-01-26', 'Januari  2024', '', NULL, '20000', NULL, 0),
(985, 28, '2024-02-26', 'Februari  2024', '', NULL, '20000', NULL, 0),
(986, 28, '2024-03-26', 'Maret  2024', '', NULL, '20000', NULL, 0),
(987, 28, '2024-04-26', 'April  2024', '', NULL, '20000', NULL, 0),
(988, 28, '2024-05-26', 'Mei  2024', '', NULL, '20000', NULL, 0),
(989, 28, '2024-06-26', 'Juni  2024', '', NULL, '20000', NULL, 0),
(990, 28, '2024-07-26', 'Juli  2024', '', NULL, '20000', NULL, 0),
(991, 28, '2024-08-26', 'Agustus  2024', '', NULL, '20000', NULL, 0),
(992, 28, '2024-09-26', 'September  2024', '', NULL, '20000', NULL, 0),
(993, 28, '2024-10-26', 'Oktober  2024', '', NULL, '20000', NULL, 0),
(994, 28, '2024-11-26', 'November  2024', '', NULL, '20000', NULL, 0),
(995, 28, '2024-12-26', 'Desember  2024', '', NULL, '20000', NULL, 0),
(996, 28, '2025-01-26', 'Januari  2025', '', NULL, '20000', NULL, 0),
(997, 28, '2025-02-26', 'Februari  2025', '', NULL, '20000', NULL, 0),
(998, 28, '2025-03-26', 'Maret  2025', '', NULL, '20000', NULL, 0),
(999, 28, '2025-04-26', 'April  2025', '', NULL, '20000', NULL, 0),
(1000, 28, '2025-05-26', 'Mei  2025', '', NULL, '20000', NULL, 0),
(1001, 28, '2025-06-26', 'Juni  2025', '', NULL, '20000', NULL, 0),
(1002, 28, '2025-07-26', 'Juli  2025', '', NULL, '20000', NULL, 0),
(1003, 28, '2025-08-26', 'Agustus  2025', '', NULL, '20000', NULL, 0),
(1004, 28, '2025-09-26', 'September  2025', '', NULL, '20000', NULL, 0),
(1005, 28, '2025-10-26', 'Oktober  2025', '', NULL, '20000', NULL, 0),
(1006, 28, '2025-11-26', 'November  2025', '', NULL, '20000', NULL, 0),
(1007, 28, '2025-12-26', 'Desember  2025', '', NULL, '20000', NULL, 0),
(1008, 28, '2026-01-26', 'Januari  2026', '', NULL, '20000', NULL, 0),
(1009, 29, '2023-02-26', 'Februari  2023', '', NULL, '20000', NULL, 0),
(1010, 29, '2023-03-26', 'Maret  2023', '', NULL, '20000', NULL, 0),
(1011, 29, '2023-04-26', 'April  2023', '', NULL, '20000', NULL, 0),
(1012, 29, '2023-05-26', 'Mei  2023', '', NULL, '20000', NULL, 0),
(1013, 29, '2023-06-26', 'Juni  2023', '', NULL, '20000', NULL, 0),
(1014, 29, '2023-07-26', 'Juli  2023', '', NULL, '20000', NULL, 0),
(1015, 29, '2023-08-26', 'Agustus  2023', '', NULL, '20000', NULL, 0),
(1016, 29, '2023-09-26', 'September  2023', '', NULL, '20000', NULL, 0),
(1017, 29, '2023-10-26', 'Oktober  2023', '', NULL, '20000', NULL, 0),
(1018, 29, '2023-11-26', 'November  2023', '', NULL, '20000', NULL, 0),
(1019, 29, '2023-12-26', 'Desember  2023', '', NULL, '20000', NULL, 0),
(1020, 29, '2024-01-26', 'Januari  2024', '', NULL, '20000', NULL, 0),
(1021, 29, '2024-02-26', 'Februari  2024', '', NULL, '20000', NULL, 0),
(1022, 29, '2024-03-26', 'Maret  2024', '', NULL, '20000', NULL, 0),
(1023, 29, '2024-04-26', 'April  2024', '', NULL, '20000', NULL, 0),
(1024, 29, '2024-05-26', 'Mei  2024', '', NULL, '20000', NULL, 0),
(1025, 29, '2024-06-26', 'Juni  2024', '', NULL, '20000', NULL, 0),
(1026, 29, '2024-07-26', 'Juli  2024', '', NULL, '20000', NULL, 0),
(1027, 29, '2024-08-26', 'Agustus  2024', '', NULL, '20000', NULL, 0),
(1028, 29, '2024-09-26', 'September  2024', '', NULL, '20000', NULL, 0),
(1029, 29, '2024-10-26', 'Oktober  2024', '', NULL, '20000', NULL, 0),
(1030, 29, '2024-11-26', 'November  2024', '', NULL, '20000', NULL, 0),
(1031, 29, '2024-12-26', 'Desember  2024', '', NULL, '20000', NULL, 0),
(1032, 29, '2025-01-26', 'Januari  2025', '', NULL, '20000', NULL, 0),
(1033, 29, '2025-02-26', 'Februari  2025', '', NULL, '20000', NULL, 0),
(1034, 29, '2025-03-26', 'Maret  2025', '', NULL, '20000', NULL, 0),
(1035, 29, '2025-04-26', 'April  2025', '', NULL, '20000', NULL, 0),
(1036, 29, '2025-05-26', 'Mei  2025', '', NULL, '20000', NULL, 0),
(1037, 29, '2025-06-26', 'Juni  2025', '', NULL, '20000', NULL, 0),
(1038, 29, '2025-07-26', 'Juli  2025', '', NULL, '20000', NULL, 0),
(1039, 29, '2025-08-26', 'Agustus  2025', '', NULL, '20000', NULL, 0),
(1040, 29, '2025-09-26', 'September  2025', '', NULL, '20000', NULL, 0),
(1041, 29, '2025-10-26', 'Oktober  2025', '', NULL, '20000', NULL, 0),
(1042, 29, '2025-11-26', 'November  2025', '', NULL, '20000', NULL, 0),
(1043, 29, '2025-12-26', 'Desember  2025', '', NULL, '20000', NULL, 0),
(1044, 29, '2026-01-26', 'Januari  2026', '', NULL, '20000', NULL, 0),
(1045, 30, '2023-02-26', 'Februari  2023', '', NULL, '20000', NULL, 0),
(1046, 30, '2023-03-26', 'Maret  2023', '', NULL, '20000', NULL, 0),
(1047, 30, '2023-04-26', 'April  2023', '', NULL, '20000', NULL, 0),
(1048, 30, '2023-05-26', 'Mei  2023', '', NULL, '20000', NULL, 0),
(1049, 30, '2023-06-26', 'Juni  2023', '', NULL, '20000', NULL, 0),
(1050, 30, '2023-07-26', 'Juli  2023', '', NULL, '20000', NULL, 0),
(1051, 30, '2023-08-26', 'Agustus  2023', '', NULL, '20000', NULL, 0),
(1052, 30, '2023-09-26', 'September  2023', '', NULL, '20000', NULL, 0),
(1053, 30, '2023-10-26', 'Oktober  2023', '', NULL, '20000', NULL, 0),
(1054, 30, '2023-11-26', 'November  2023', '', NULL, '20000', NULL, 0),
(1055, 30, '2023-12-26', 'Desember  2023', '', NULL, '20000', NULL, 0),
(1056, 30, '2024-01-26', 'Januari  2024', '', NULL, '20000', NULL, 0),
(1057, 30, '2024-02-26', 'Februari  2024', '', NULL, '20000', NULL, 0),
(1058, 30, '2024-03-26', 'Maret  2024', '', NULL, '20000', NULL, 0),
(1059, 30, '2024-04-26', 'April  2024', '', NULL, '20000', NULL, 0),
(1060, 30, '2024-05-26', 'Mei  2024', '', NULL, '20000', NULL, 0),
(1061, 30, '2024-06-26', 'Juni  2024', '', NULL, '20000', NULL, 0),
(1062, 30, '2024-07-26', 'Juli  2024', '', NULL, '20000', NULL, 0),
(1063, 30, '2024-08-26', 'Agustus  2024', '', NULL, '20000', NULL, 0),
(1064, 30, '2024-09-26', 'September  2024', '', NULL, '20000', NULL, 0),
(1065, 30, '2024-10-26', 'Oktober  2024', '', NULL, '20000', NULL, 0),
(1066, 30, '2024-11-26', 'November  2024', '', NULL, '20000', NULL, 0),
(1067, 30, '2024-12-26', 'Desember  2024', '', NULL, '20000', NULL, 0),
(1068, 30, '2025-01-26', 'Januari  2025', '', NULL, '20000', NULL, 0),
(1069, 30, '2025-02-26', 'Februari  2025', '', NULL, '20000', NULL, 0),
(1070, 30, '2025-03-26', 'Maret  2025', '', NULL, '20000', NULL, 0),
(1071, 30, '2025-04-26', 'April  2025', '', NULL, '20000', NULL, 0),
(1072, 30, '2025-05-26', 'Mei  2025', '', NULL, '20000', NULL, 0),
(1073, 30, '2025-06-26', 'Juni  2025', '', NULL, '20000', NULL, 0),
(1074, 30, '2025-07-26', 'Juli  2025', '', NULL, '20000', NULL, 0),
(1075, 30, '2025-08-26', 'Agustus  2025', '', NULL, '20000', NULL, 0),
(1076, 30, '2025-09-26', 'September  2025', '', NULL, '20000', NULL, 0),
(1077, 30, '2025-10-26', 'Oktober  2025', '', NULL, '20000', NULL, 0),
(1078, 30, '2025-11-26', 'November  2025', '', NULL, '20000', NULL, 0),
(1079, 30, '2025-12-26', 'Desember  2025', '', NULL, '20000', NULL, 0),
(1080, 30, '2026-01-26', 'Januari  2026', '', NULL, '20000', NULL, 0),
(1081, 31, '2023-02-26', 'Februari  2023', '', NULL, '20000', NULL, 0),
(1082, 31, '2023-03-26', 'Maret  2023', '', NULL, '20000', NULL, 0),
(1083, 31, '2023-04-26', 'April  2023', '', NULL, '20000', NULL, 0),
(1084, 31, '2023-05-26', 'Mei  2023', '', NULL, '20000', NULL, 0),
(1085, 31, '2023-06-26', 'Juni  2023', '', NULL, '20000', NULL, 0),
(1086, 31, '2023-07-26', 'Juli  2023', '', NULL, '20000', NULL, 0),
(1087, 31, '2023-08-26', 'Agustus  2023', '', NULL, '20000', NULL, 0),
(1088, 31, '2023-09-26', 'September  2023', '', NULL, '20000', NULL, 0),
(1089, 31, '2023-10-26', 'Oktober  2023', '', NULL, '20000', NULL, 0),
(1090, 31, '2023-11-26', 'November  2023', '', NULL, '20000', NULL, 0),
(1091, 31, '2023-12-26', 'Desember  2023', '', NULL, '20000', NULL, 0),
(1092, 31, '2024-01-26', 'Januari  2024', '', NULL, '20000', NULL, 0),
(1093, 31, '2024-02-26', 'Februari  2024', '', NULL, '20000', NULL, 0),
(1094, 31, '2024-03-26', 'Maret  2024', '', NULL, '20000', NULL, 0),
(1095, 31, '2024-04-26', 'April  2024', '', NULL, '20000', NULL, 0),
(1096, 31, '2024-05-26', 'Mei  2024', '', NULL, '20000', NULL, 0),
(1097, 31, '2024-06-26', 'Juni  2024', '', NULL, '20000', NULL, 0),
(1098, 31, '2024-07-26', 'Juli  2024', '', NULL, '20000', NULL, 0),
(1099, 31, '2024-08-26', 'Agustus  2024', '', NULL, '20000', NULL, 0),
(1100, 31, '2024-09-26', 'September  2024', '', NULL, '20000', NULL, 0),
(1101, 31, '2024-10-26', 'Oktober  2024', '', NULL, '20000', NULL, 0),
(1102, 31, '2024-11-26', 'November  2024', '', NULL, '20000', NULL, 0),
(1103, 31, '2024-12-26', 'Desember  2024', '', NULL, '20000', NULL, 0),
(1104, 31, '2025-01-26', 'Januari  2025', '', NULL, '20000', NULL, 0),
(1105, 31, '2025-02-26', 'Februari  2025', '', NULL, '20000', NULL, 0),
(1106, 31, '2025-03-26', 'Maret  2025', '', NULL, '20000', NULL, 0),
(1107, 31, '2025-04-26', 'April  2025', '', NULL, '20000', NULL, 0),
(1108, 31, '2025-05-26', 'Mei  2025', '', NULL, '20000', NULL, 0),
(1109, 31, '2025-06-26', 'Juni  2025', '', NULL, '20000', NULL, 0),
(1110, 31, '2025-07-26', 'Juli  2025', '', NULL, '20000', NULL, 0),
(1111, 31, '2025-08-26', 'Agustus  2025', '', NULL, '20000', NULL, 0),
(1112, 31, '2025-09-26', 'September  2025', '', NULL, '20000', NULL, 0),
(1113, 31, '2025-10-26', 'Oktober  2025', '', NULL, '20000', NULL, 0),
(1114, 31, '2025-11-26', 'November  2025', '', NULL, '20000', NULL, 0),
(1115, 31, '2025-12-26', 'Desember  2025', '', NULL, '20000', NULL, 0),
(1116, 31, '2026-01-26', 'Januari  2026', '', NULL, '20000', NULL, 0),
(1117, 32, '2023-02-26', 'Februari  2023', '', NULL, '20000', NULL, 0),
(1118, 32, '2023-03-26', 'Maret  2023', '', NULL, '20000', NULL, 0),
(1119, 32, '2023-04-26', 'April  2023', '', NULL, '20000', NULL, 0),
(1120, 32, '2023-05-26', 'Mei  2023', '', NULL, '20000', NULL, 0),
(1121, 32, '2023-06-26', 'Juni  2023', '', NULL, '20000', NULL, 0),
(1122, 32, '2023-07-26', 'Juli  2023', '', NULL, '20000', NULL, 0),
(1123, 32, '2023-08-26', 'Agustus  2023', '', NULL, '20000', NULL, 0),
(1124, 32, '2023-09-26', 'September  2023', '', NULL, '20000', NULL, 0),
(1125, 32, '2023-10-26', 'Oktober  2023', '', NULL, '20000', NULL, 0),
(1126, 32, '2023-11-26', 'November  2023', '', NULL, '20000', NULL, 0),
(1127, 32, '2023-12-26', 'Desember  2023', '', NULL, '20000', NULL, 0),
(1128, 32, '2024-01-26', 'Januari  2024', '', NULL, '20000', NULL, 0),
(1129, 32, '2024-02-26', 'Februari  2024', '', NULL, '20000', NULL, 0),
(1130, 32, '2024-03-26', 'Maret  2024', '', NULL, '20000', NULL, 0),
(1131, 32, '2024-04-26', 'April  2024', '', NULL, '20000', NULL, 0),
(1132, 32, '2024-05-26', 'Mei  2024', '', NULL, '20000', NULL, 0),
(1133, 32, '2024-06-26', 'Juni  2024', '', NULL, '20000', NULL, 0),
(1134, 32, '2024-07-26', 'Juli  2024', '', NULL, '20000', NULL, 0),
(1135, 32, '2024-08-26', 'Agustus  2024', '', NULL, '20000', NULL, 0),
(1136, 32, '2024-09-26', 'September  2024', '', NULL, '20000', NULL, 0),
(1137, 32, '2024-10-26', 'Oktober  2024', '', NULL, '20000', NULL, 0),
(1138, 32, '2024-11-26', 'November  2024', '', NULL, '20000', NULL, 0),
(1139, 32, '2024-12-26', 'Desember  2024', '', NULL, '20000', NULL, 0),
(1140, 32, '2025-01-26', 'Januari  2025', '', NULL, '20000', NULL, 0),
(1141, 32, '2025-02-26', 'Februari  2025', '', NULL, '20000', NULL, 0),
(1142, 32, '2025-03-26', 'Maret  2025', '', NULL, '20000', NULL, 0),
(1143, 32, '2025-04-26', 'April  2025', '', NULL, '20000', NULL, 0),
(1144, 32, '2025-05-26', 'Mei  2025', '', NULL, '20000', NULL, 0),
(1145, 32, '2025-06-26', 'Juni  2025', '', NULL, '20000', NULL, 0),
(1146, 32, '2025-07-26', 'Juli  2025', '', NULL, '20000', NULL, 0),
(1147, 32, '2025-08-26', 'Agustus  2025', '', NULL, '20000', NULL, 0),
(1148, 32, '2025-09-26', 'September  2025', '', NULL, '20000', NULL, 0),
(1149, 32, '2025-10-26', 'Oktober  2025', '', NULL, '20000', NULL, 0),
(1150, 32, '2025-11-26', 'November  2025', '', NULL, '20000', NULL, 0),
(1151, 32, '2025-12-26', 'Desember  2025', '', NULL, '20000', NULL, 0),
(1152, 32, '2026-01-26', 'Januari  2026', '', NULL, '20000', NULL, 0),
(1153, 33, '2023-02-26', 'Februari  2023', '', NULL, '20000', NULL, 0),
(1154, 33, '2023-03-26', 'Maret  2023', '', NULL, '20000', NULL, 0),
(1155, 33, '2023-04-26', 'April  2023', '', NULL, '20000', NULL, 0),
(1156, 33, '2023-05-26', 'Mei  2023', '', NULL, '20000', NULL, 0),
(1157, 33, '2023-06-26', 'Juni  2023', '', NULL, '20000', NULL, 0),
(1158, 33, '2023-07-26', 'Juli  2023', '', NULL, '20000', NULL, 0),
(1159, 33, '2023-08-26', 'Agustus  2023', '', NULL, '20000', NULL, 0),
(1160, 33, '2023-09-26', 'September  2023', '', NULL, '20000', NULL, 0),
(1161, 33, '2023-10-26', 'Oktober  2023', '', NULL, '20000', NULL, 0),
(1162, 33, '2023-11-26', 'November  2023', '', NULL, '20000', NULL, 0),
(1163, 33, '2023-12-26', 'Desember  2023', '', NULL, '20000', NULL, 0),
(1164, 33, '2024-01-26', 'Januari  2024', '', NULL, '20000', NULL, 0),
(1165, 33, '2024-02-26', 'Februari  2024', '', NULL, '20000', NULL, 0),
(1166, 33, '2024-03-26', 'Maret  2024', '', NULL, '20000', NULL, 0),
(1167, 33, '2024-04-26', 'April  2024', '', NULL, '20000', NULL, 0),
(1168, 33, '2024-05-26', 'Mei  2024', '', NULL, '20000', NULL, 0),
(1169, 33, '2024-06-26', 'Juni  2024', '', NULL, '20000', NULL, 0),
(1170, 33, '2024-07-26', 'Juli  2024', '', NULL, '20000', NULL, 0),
(1171, 33, '2024-08-26', 'Agustus  2024', '', NULL, '20000', NULL, 0),
(1172, 33, '2024-09-26', 'September  2024', '', NULL, '20000', NULL, 0),
(1173, 33, '2024-10-26', 'Oktober  2024', '', NULL, '20000', NULL, 0),
(1174, 33, '2024-11-26', 'November  2024', '', NULL, '20000', NULL, 0),
(1175, 33, '2024-12-26', 'Desember  2024', '', NULL, '20000', NULL, 0),
(1176, 33, '2025-01-26', 'Januari  2025', '', NULL, '20000', NULL, 0),
(1177, 33, '2025-02-26', 'Februari  2025', '', NULL, '20000', NULL, 0),
(1178, 33, '2025-03-26', 'Maret  2025', '', NULL, '20000', NULL, 0),
(1179, 33, '2025-04-26', 'April  2025', '', NULL, '20000', NULL, 0),
(1180, 33, '2025-05-26', 'Mei  2025', '', NULL, '20000', NULL, 0),
(1181, 33, '2025-06-26', 'Juni  2025', '', NULL, '20000', NULL, 0),
(1182, 33, '2025-07-26', 'Juli  2025', '', NULL, '20000', NULL, 0),
(1183, 33, '2025-08-26', 'Agustus  2025', '', NULL, '20000', NULL, 0),
(1184, 33, '2025-09-26', 'September  2025', '', NULL, '20000', NULL, 0),
(1185, 33, '2025-10-26', 'Oktober  2025', '', NULL, '20000', NULL, 0),
(1186, 33, '2025-11-26', 'November  2025', '', NULL, '20000', NULL, 0),
(1187, 33, '2025-12-26', 'Desember  2025', '', NULL, '20000', NULL, 0),
(1188, 33, '2026-01-26', 'Januari  2026', '', NULL, '20000', NULL, 0),
(1189, 34, '2023-02-26', 'Februari  2023', '', NULL, '20000', NULL, 0),
(1190, 34, '2023-03-26', 'Maret  2023', '', NULL, '20000', NULL, 0),
(1191, 34, '2023-04-26', 'April  2023', '', NULL, '20000', NULL, 0),
(1192, 34, '2023-05-26', 'Mei  2023', '', NULL, '20000', NULL, 0),
(1193, 34, '2023-06-26', 'Juni  2023', '', NULL, '20000', NULL, 0),
(1194, 34, '2023-07-26', 'Juli  2023', '', NULL, '20000', NULL, 0),
(1195, 34, '2023-08-26', 'Agustus  2023', '', NULL, '20000', NULL, 0),
(1196, 34, '2023-09-26', 'September  2023', '', NULL, '20000', NULL, 0),
(1197, 34, '2023-10-26', 'Oktober  2023', '', NULL, '20000', NULL, 0),
(1198, 34, '2023-11-26', 'November  2023', '', NULL, '20000', NULL, 0),
(1199, 34, '2023-12-26', 'Desember  2023', '', NULL, '20000', NULL, 0),
(1200, 34, '2024-01-26', 'Januari  2024', '', NULL, '20000', NULL, 0),
(1201, 34, '2024-02-26', 'Februari  2024', '', NULL, '20000', NULL, 0),
(1202, 34, '2024-03-26', 'Maret  2024', '', NULL, '20000', NULL, 0),
(1203, 34, '2024-04-26', 'April  2024', '', NULL, '20000', NULL, 0),
(1204, 34, '2024-05-26', 'Mei  2024', '', NULL, '20000', NULL, 0),
(1205, 34, '2024-06-26', 'Juni  2024', '', NULL, '20000', NULL, 0),
(1206, 34, '2024-07-26', 'Juli  2024', '', NULL, '20000', NULL, 0),
(1207, 34, '2024-08-26', 'Agustus  2024', '', NULL, '20000', NULL, 0),
(1208, 34, '2024-09-26', 'September  2024', '', NULL, '20000', NULL, 0),
(1209, 34, '2024-10-26', 'Oktober  2024', '', NULL, '20000', NULL, 0),
(1210, 34, '2024-11-26', 'November  2024', '', NULL, '20000', NULL, 0),
(1211, 34, '2024-12-26', 'Desember  2024', '', NULL, '20000', NULL, 0),
(1212, 34, '2025-01-26', 'Januari  2025', '', NULL, '20000', NULL, 0),
(1213, 34, '2025-02-26', 'Februari  2025', '', NULL, '20000', NULL, 0),
(1214, 34, '2025-03-26', 'Maret  2025', '', NULL, '20000', NULL, 0),
(1215, 34, '2025-04-26', 'April  2025', '', NULL, '20000', NULL, 0),
(1216, 34, '2025-05-26', 'Mei  2025', '', NULL, '20000', NULL, 0),
(1217, 34, '2025-06-26', 'Juni  2025', '', NULL, '20000', NULL, 0),
(1218, 34, '2025-07-26', 'Juli  2025', '', NULL, '20000', NULL, 0),
(1219, 34, '2025-08-26', 'Agustus  2025', '', NULL, '20000', NULL, 0),
(1220, 34, '2025-09-26', 'September  2025', '', NULL, '20000', NULL, 0),
(1221, 34, '2025-10-26', 'Oktober  2025', '', NULL, '20000', NULL, 0),
(1222, 34, '2025-11-26', 'November  2025', '', NULL, '20000', NULL, 0),
(1223, 34, '2025-12-26', 'Desember  2025', '', NULL, '20000', NULL, 0),
(1224, 34, '2026-01-26', 'Januari  2026', '', NULL, '20000', NULL, 0),
(1225, 35, '2023-02-26', 'Februari  2023', '', NULL, '20000', NULL, 0),
(1226, 35, '2023-03-26', 'Maret  2023', '', NULL, '20000', NULL, 0),
(1227, 35, '2023-04-26', 'April  2023', '', NULL, '20000', NULL, 0),
(1228, 35, '2023-05-26', 'Mei  2023', '', NULL, '20000', NULL, 0),
(1229, 35, '2023-06-26', 'Juni  2023', '', NULL, '20000', NULL, 0),
(1230, 35, '2023-07-26', 'Juli  2023', '', NULL, '20000', NULL, 0),
(1231, 35, '2023-08-26', 'Agustus  2023', '', NULL, '20000', NULL, 0),
(1232, 35, '2023-09-26', 'September  2023', '', NULL, '20000', NULL, 0),
(1233, 35, '2023-10-26', 'Oktober  2023', '', NULL, '20000', NULL, 0),
(1234, 35, '2023-11-26', 'November  2023', '', NULL, '20000', NULL, 0),
(1235, 35, '2023-12-26', 'Desember  2023', '', NULL, '20000', NULL, 0),
(1236, 35, '2024-01-26', 'Januari  2024', '', NULL, '20000', NULL, 0),
(1237, 35, '2024-02-26', 'Februari  2024', '', NULL, '20000', NULL, 0),
(1238, 35, '2024-03-26', 'Maret  2024', '', NULL, '20000', NULL, 0),
(1239, 35, '2024-04-26', 'April  2024', '', NULL, '20000', NULL, 0),
(1240, 35, '2024-05-26', 'Mei  2024', '', NULL, '20000', NULL, 0),
(1241, 35, '2024-06-26', 'Juni  2024', '', NULL, '20000', NULL, 0),
(1242, 35, '2024-07-26', 'Juli  2024', '', NULL, '20000', NULL, 0),
(1243, 35, '2024-08-26', 'Agustus  2024', '', NULL, '20000', NULL, 0),
(1244, 35, '2024-09-26', 'September  2024', '', NULL, '20000', NULL, 0),
(1245, 35, '2024-10-26', 'Oktober  2024', '', NULL, '20000', NULL, 0),
(1246, 35, '2024-11-26', 'November  2024', '', NULL, '20000', NULL, 0),
(1247, 35, '2024-12-26', 'Desember  2024', '', NULL, '20000', NULL, 0),
(1248, 35, '2025-01-26', 'Januari  2025', '', NULL, '20000', NULL, 0),
(1249, 35, '2025-02-26', 'Februari  2025', '', NULL, '20000', NULL, 0),
(1250, 35, '2025-03-26', 'Maret  2025', '', NULL, '20000', NULL, 0),
(1251, 35, '2025-04-26', 'April  2025', '', NULL, '20000', NULL, 0),
(1252, 35, '2025-05-26', 'Mei  2025', '', NULL, '20000', NULL, 0),
(1253, 35, '2025-06-26', 'Juni  2025', '', NULL, '20000', NULL, 0),
(1254, 35, '2025-07-26', 'Juli  2025', '', NULL, '20000', NULL, 0),
(1255, 35, '2025-08-26', 'Agustus  2025', '', NULL, '20000', NULL, 0),
(1256, 35, '2025-09-26', 'September  2025', '', NULL, '20000', NULL, 0),
(1257, 35, '2025-10-26', 'Oktober  2025', '', NULL, '20000', NULL, 0),
(1258, 35, '2025-11-26', 'November  2025', '', NULL, '20000', NULL, 0),
(1259, 35, '2025-12-26', 'Desember  2025', '', NULL, '20000', NULL, 0),
(1260, 35, '2026-01-26', 'Januari  2026', '', NULL, '20000', NULL, 0),
(1261, 36, '2023-02-26', 'Februari  2023', '', NULL, '20000', NULL, 0),
(1262, 36, '2023-03-26', 'Maret  2023', '', NULL, '20000', NULL, 0),
(1263, 36, '2023-04-26', 'April  2023', '', NULL, '20000', NULL, 0),
(1264, 36, '2023-05-26', 'Mei  2023', '', NULL, '20000', NULL, 0),
(1265, 36, '2023-06-26', 'Juni  2023', '', NULL, '20000', NULL, 0),
(1266, 36, '2023-07-26', 'Juli  2023', '', NULL, '20000', NULL, 0),
(1267, 36, '2023-08-26', 'Agustus  2023', '', NULL, '20000', NULL, 0),
(1268, 36, '2023-09-26', 'September  2023', '', NULL, '20000', NULL, 0),
(1269, 36, '2023-10-26', 'Oktober  2023', '', NULL, '20000', NULL, 0),
(1270, 36, '2023-11-26', 'November  2023', '', NULL, '20000', NULL, 0),
(1271, 36, '2023-12-26', 'Desember  2023', '', NULL, '20000', NULL, 0),
(1272, 36, '2024-01-26', 'Januari  2024', '', NULL, '20000', NULL, 0),
(1273, 36, '2024-02-26', 'Februari  2024', '', NULL, '20000', NULL, 0),
(1274, 36, '2024-03-26', 'Maret  2024', '', NULL, '20000', NULL, 0),
(1275, 36, '2024-04-26', 'April  2024', '', NULL, '20000', NULL, 0),
(1276, 36, '2024-05-26', 'Mei  2024', '', NULL, '20000', NULL, 0),
(1277, 36, '2024-06-26', 'Juni  2024', '', NULL, '20000', NULL, 0),
(1278, 36, '2024-07-26', 'Juli  2024', '', NULL, '20000', NULL, 0),
(1279, 36, '2024-08-26', 'Agustus  2024', '', NULL, '20000', NULL, 0),
(1280, 36, '2024-09-26', 'September  2024', '', NULL, '20000', NULL, 0),
(1281, 36, '2024-10-26', 'Oktober  2024', '', NULL, '20000', NULL, 0),
(1282, 36, '2024-11-26', 'November  2024', '', NULL, '20000', NULL, 0),
(1283, 36, '2024-12-26', 'Desember  2024', '', NULL, '20000', NULL, 0),
(1284, 36, '2025-01-26', 'Januari  2025', '', NULL, '20000', NULL, 0),
(1285, 36, '2025-02-26', 'Februari  2025', '', NULL, '20000', NULL, 0),
(1286, 36, '2025-03-26', 'Maret  2025', '', NULL, '20000', NULL, 0),
(1287, 36, '2025-04-26', 'April  2025', '', NULL, '20000', NULL, 0),
(1288, 36, '2025-05-26', 'Mei  2025', '', NULL, '20000', NULL, 0),
(1289, 36, '2025-06-26', 'Juni  2025', '', NULL, '20000', NULL, 0),
(1290, 36, '2025-07-26', 'Juli  2025', '', NULL, '20000', NULL, 0),
(1291, 36, '2025-08-26', 'Agustus  2025', '', NULL, '20000', NULL, 0),
(1292, 36, '2025-09-26', 'September  2025', '', NULL, '20000', NULL, 0),
(1293, 36, '2025-10-26', 'Oktober  2025', '', NULL, '20000', NULL, 0),
(1294, 36, '2025-11-26', 'November  2025', '', NULL, '20000', NULL, 0),
(1295, 36, '2025-12-26', 'Desember  2025', '', NULL, '20000', NULL, 0),
(1296, 36, '2026-01-26', 'Januari  2026', '', NULL, '20000', NULL, 0),
(1297, 37, '2023-02-26', 'Februari  2023', '', NULL, '20000', NULL, 0),
(1298, 37, '2023-03-26', 'Maret  2023', '', NULL, '20000', NULL, 0),
(1299, 37, '2023-04-26', 'April  2023', '', NULL, '20000', NULL, 0),
(1300, 37, '2023-05-26', 'Mei  2023', '', NULL, '20000', NULL, 0),
(1301, 37, '2023-06-26', 'Juni  2023', '', NULL, '20000', NULL, 0),
(1302, 37, '2023-07-26', 'Juli  2023', '', NULL, '20000', NULL, 0),
(1303, 37, '2023-08-26', 'Agustus  2023', '', NULL, '20000', NULL, 0),
(1304, 37, '2023-09-26', 'September  2023', '', NULL, '20000', NULL, 0),
(1305, 37, '2023-10-26', 'Oktober  2023', '', NULL, '20000', NULL, 0),
(1306, 37, '2023-11-26', 'November  2023', '', NULL, '20000', NULL, 0),
(1307, 37, '2023-12-26', 'Desember  2023', '', NULL, '20000', NULL, 0),
(1308, 37, '2024-01-26', 'Januari  2024', '', NULL, '20000', NULL, 0),
(1309, 37, '2024-02-26', 'Februari  2024', '', NULL, '20000', NULL, 0),
(1310, 37, '2024-03-26', 'Maret  2024', '', NULL, '20000', NULL, 0),
(1311, 37, '2024-04-26', 'April  2024', '', NULL, '20000', NULL, 0),
(1312, 37, '2024-05-26', 'Mei  2024', '', NULL, '20000', NULL, 0),
(1313, 37, '2024-06-26', 'Juni  2024', '', NULL, '20000', NULL, 0),
(1314, 37, '2024-07-26', 'Juli  2024', '', NULL, '20000', NULL, 0),
(1315, 37, '2024-08-26', 'Agustus  2024', '', NULL, '20000', NULL, 0),
(1316, 37, '2024-09-26', 'September  2024', '', NULL, '20000', NULL, 0),
(1317, 37, '2024-10-26', 'Oktober  2024', '', NULL, '20000', NULL, 0),
(1318, 37, '2024-11-26', 'November  2024', '', NULL, '20000', NULL, 0),
(1319, 37, '2024-12-26', 'Desember  2024', '', NULL, '20000', NULL, 0),
(1320, 37, '2025-01-26', 'Januari  2025', '', NULL, '20000', NULL, 0),
(1321, 37, '2025-02-26', 'Februari  2025', '', NULL, '20000', NULL, 0),
(1322, 37, '2025-03-26', 'Maret  2025', '', NULL, '20000', NULL, 0),
(1323, 37, '2025-04-26', 'April  2025', '', NULL, '20000', NULL, 0),
(1324, 37, '2025-05-26', 'Mei  2025', '', NULL, '20000', NULL, 0),
(1325, 37, '2025-06-26', 'Juni  2025', '', NULL, '20000', NULL, 0),
(1326, 37, '2025-07-26', 'Juli  2025', '', NULL, '20000', NULL, 0),
(1327, 37, '2025-08-26', 'Agustus  2025', '', NULL, '20000', NULL, 0),
(1328, 37, '2025-09-26', 'September  2025', '', NULL, '20000', NULL, 0),
(1329, 37, '2025-10-26', 'Oktober  2025', '', NULL, '20000', NULL, 0),
(1330, 37, '2025-11-26', 'November  2025', '', NULL, '20000', NULL, 0),
(1331, 37, '2025-12-26', 'Desember  2025', '', NULL, '20000', NULL, 0),
(1332, 37, '2026-01-26', 'Januari  2026', '', NULL, '20000', NULL, 0),
(1333, 38, '2023-02-26', 'Februari  2023', '', NULL, '20000', NULL, 0),
(1334, 38, '2023-03-26', 'Maret  2023', '', NULL, '20000', NULL, 0),
(1335, 38, '2023-04-26', 'April  2023', '', NULL, '20000', NULL, 0),
(1336, 38, '2023-05-26', 'Mei  2023', '', NULL, '20000', NULL, 0);
INSERT INTO `pembayaran` (`idspp`, `id_siswa`, `jatuhtempo`, `bulan`, `nobayar`, `tglbayar`, `jumlah`, `ket`, `id_admin`) VALUES
(1337, 38, '2023-06-26', 'Juni  2023', '', NULL, '20000', NULL, 0),
(1338, 38, '2023-07-26', 'Juli  2023', '', NULL, '20000', NULL, 0),
(1339, 38, '2023-08-26', 'Agustus  2023', '', NULL, '20000', NULL, 0),
(1340, 38, '2023-09-26', 'September  2023', '', NULL, '20000', NULL, 0),
(1341, 38, '2023-10-26', 'Oktober  2023', '', NULL, '20000', NULL, 0),
(1342, 38, '2023-11-26', 'November  2023', '', NULL, '20000', NULL, 0),
(1343, 38, '2023-12-26', 'Desember  2023', '', NULL, '20000', NULL, 0),
(1344, 38, '2024-01-26', 'Januari  2024', '', NULL, '20000', NULL, 0),
(1345, 38, '2024-02-26', 'Februari  2024', '', NULL, '20000', NULL, 0),
(1346, 38, '2024-03-26', 'Maret  2024', '', NULL, '20000', NULL, 0),
(1347, 38, '2024-04-26', 'April  2024', '', NULL, '20000', NULL, 0),
(1348, 38, '2024-05-26', 'Mei  2024', '', NULL, '20000', NULL, 0),
(1349, 38, '2024-06-26', 'Juni  2024', '', NULL, '20000', NULL, 0),
(1350, 38, '2024-07-26', 'Juli  2024', '', NULL, '20000', NULL, 0),
(1351, 38, '2024-08-26', 'Agustus  2024', '', NULL, '20000', NULL, 0),
(1352, 38, '2024-09-26', 'September  2024', '', NULL, '20000', NULL, 0),
(1353, 38, '2024-10-26', 'Oktober  2024', '', NULL, '20000', NULL, 0),
(1354, 38, '2024-11-26', 'November  2024', '', NULL, '20000', NULL, 0),
(1355, 38, '2024-12-26', 'Desember  2024', '', NULL, '20000', NULL, 0),
(1356, 38, '2025-01-26', 'Januari  2025', '', NULL, '20000', NULL, 0),
(1357, 38, '2025-02-26', 'Februari  2025', '', NULL, '20000', NULL, 0),
(1358, 38, '2025-03-26', 'Maret  2025', '', NULL, '20000', NULL, 0),
(1359, 38, '2025-04-26', 'April  2025', '', NULL, '20000', NULL, 0),
(1360, 38, '2025-05-26', 'Mei  2025', '', NULL, '20000', NULL, 0),
(1361, 38, '2025-06-26', 'Juni  2025', '', NULL, '20000', NULL, 0),
(1362, 38, '2025-07-26', 'Juli  2025', '', NULL, '20000', NULL, 0),
(1363, 38, '2025-08-26', 'Agustus  2025', '', NULL, '20000', NULL, 0),
(1364, 38, '2025-09-26', 'September  2025', '', NULL, '20000', NULL, 0),
(1365, 38, '2025-10-26', 'Oktober  2025', '', NULL, '20000', NULL, 0),
(1366, 38, '2025-11-26', 'November  2025', '', NULL, '20000', NULL, 0),
(1367, 38, '2025-12-26', 'Desember  2025', '', NULL, '20000', NULL, 0),
(1368, 38, '2026-01-26', 'Januari  2026', '', NULL, '20000', NULL, 0),
(1369, 39, '2023-02-26', 'Februari  2023', '', NULL, '20000', NULL, 0),
(1370, 39, '2023-03-26', 'Maret  2023', '', NULL, '20000', NULL, 0),
(1371, 39, '2023-04-26', 'April  2023', '', NULL, '20000', NULL, 0),
(1372, 39, '2023-05-26', 'Mei  2023', '', NULL, '20000', NULL, 0),
(1373, 39, '2023-06-26', 'Juni  2023', '', NULL, '20000', NULL, 0),
(1374, 39, '2023-07-26', 'Juli  2023', '', NULL, '20000', NULL, 0),
(1375, 39, '2023-08-26', 'Agustus  2023', '', NULL, '20000', NULL, 0),
(1376, 39, '2023-09-26', 'September  2023', '', NULL, '20000', NULL, 0),
(1377, 39, '2023-10-26', 'Oktober  2023', '', NULL, '20000', NULL, 0),
(1378, 39, '2023-11-26', 'November  2023', '', NULL, '20000', NULL, 0),
(1379, 39, '2023-12-26', 'Desember  2023', '', NULL, '20000', NULL, 0),
(1380, 39, '2024-01-26', 'Januari  2024', '', NULL, '20000', NULL, 0),
(1381, 39, '2024-02-26', 'Februari  2024', '', NULL, '20000', NULL, 0),
(1382, 39, '2024-03-26', 'Maret  2024', '', NULL, '20000', NULL, 0),
(1383, 39, '2024-04-26', 'April  2024', '', NULL, '20000', NULL, 0),
(1384, 39, '2024-05-26', 'Mei  2024', '', NULL, '20000', NULL, 0),
(1385, 39, '2024-06-26', 'Juni  2024', '', NULL, '20000', NULL, 0),
(1386, 39, '2024-07-26', 'Juli  2024', '', NULL, '20000', NULL, 0),
(1387, 39, '2024-08-26', 'Agustus  2024', '', NULL, '20000', NULL, 0),
(1388, 39, '2024-09-26', 'September  2024', '', NULL, '20000', NULL, 0),
(1389, 39, '2024-10-26', 'Oktober  2024', '', NULL, '20000', NULL, 0),
(1390, 39, '2024-11-26', 'November  2024', '', NULL, '20000', NULL, 0),
(1391, 39, '2024-12-26', 'Desember  2024', '', NULL, '20000', NULL, 0),
(1392, 39, '2025-01-26', 'Januari  2025', '', NULL, '20000', NULL, 0),
(1393, 39, '2025-02-26', 'Februari  2025', '', NULL, '20000', NULL, 0),
(1394, 39, '2025-03-26', 'Maret  2025', '', NULL, '20000', NULL, 0),
(1395, 39, '2025-04-26', 'April  2025', '', NULL, '20000', NULL, 0),
(1396, 39, '2025-05-26', 'Mei  2025', '', NULL, '20000', NULL, 0),
(1397, 39, '2025-06-26', 'Juni  2025', '', NULL, '20000', NULL, 0),
(1398, 39, '2025-07-26', 'Juli  2025', '', NULL, '20000', NULL, 0),
(1399, 39, '2025-08-26', 'Agustus  2025', '', NULL, '20000', NULL, 0),
(1400, 39, '2025-09-26', 'September  2025', '', NULL, '20000', NULL, 0),
(1401, 39, '2025-10-26', 'Oktober  2025', '', NULL, '20000', NULL, 0),
(1402, 39, '2025-11-26', 'November  2025', '', NULL, '20000', NULL, 0),
(1403, 39, '2025-12-26', 'Desember  2025', '', NULL, '20000', NULL, 0),
(1404, 39, '2026-01-26', 'Januari  2026', '', NULL, '20000', NULL, 0),
(1405, 40, '2023-02-26', 'Februari  2023', '', NULL, '20000', NULL, 0),
(1406, 40, '2023-03-26', 'Maret  2023', '', NULL, '20000', NULL, 0),
(1407, 40, '2023-04-26', 'April  2023', '', NULL, '20000', NULL, 0),
(1408, 40, '2023-05-26', 'Mei  2023', '', NULL, '20000', NULL, 0),
(1409, 40, '2023-06-26', 'Juni  2023', '', NULL, '20000', NULL, 0),
(1410, 40, '2023-07-26', 'Juli  2023', '', NULL, '20000', NULL, 0),
(1411, 40, '2023-08-26', 'Agustus  2023', '', NULL, '20000', NULL, 0),
(1412, 40, '2023-09-26', 'September  2023', '', NULL, '20000', NULL, 0),
(1413, 40, '2023-10-26', 'Oktober  2023', '', NULL, '20000', NULL, 0),
(1414, 40, '2023-11-26', 'November  2023', '', NULL, '20000', NULL, 0),
(1415, 40, '2023-12-26', 'Desember  2023', '', NULL, '20000', NULL, 0),
(1416, 40, '2024-01-26', 'Januari  2024', '', NULL, '20000', NULL, 0),
(1417, 40, '2024-02-26', 'Februari  2024', '', NULL, '20000', NULL, 0),
(1418, 40, '2024-03-26', 'Maret  2024', '', NULL, '20000', NULL, 0),
(1419, 40, '2024-04-26', 'April  2024', '', NULL, '20000', NULL, 0),
(1420, 40, '2024-05-26', 'Mei  2024', '', NULL, '20000', NULL, 0),
(1421, 40, '2024-06-26', 'Juni  2024', '', NULL, '20000', NULL, 0),
(1422, 40, '2024-07-26', 'Juli  2024', '', NULL, '20000', NULL, 0),
(1423, 40, '2024-08-26', 'Agustus  2024', '', NULL, '20000', NULL, 0),
(1424, 40, '2024-09-26', 'September  2024', '', NULL, '20000', NULL, 0),
(1425, 40, '2024-10-26', 'Oktober  2024', '', NULL, '20000', NULL, 0),
(1426, 40, '2024-11-26', 'November  2024', '', NULL, '20000', NULL, 0),
(1427, 40, '2024-12-26', 'Desember  2024', '', NULL, '20000', NULL, 0),
(1428, 40, '2025-01-26', 'Januari  2025', '', NULL, '20000', NULL, 0),
(1429, 40, '2025-02-26', 'Februari  2025', '', NULL, '20000', NULL, 0),
(1430, 40, '2025-03-26', 'Maret  2025', '', NULL, '20000', NULL, 0),
(1431, 40, '2025-04-26', 'April  2025', '', NULL, '20000', NULL, 0),
(1432, 40, '2025-05-26', 'Mei  2025', '', NULL, '20000', NULL, 0),
(1433, 40, '2025-06-26', 'Juni  2025', '', NULL, '20000', NULL, 0),
(1434, 40, '2025-07-26', 'Juli  2025', '', NULL, '20000', NULL, 0),
(1435, 40, '2025-08-26', 'Agustus  2025', '', NULL, '20000', NULL, 0),
(1436, 40, '2025-09-26', 'September  2025', '', NULL, '20000', NULL, 0),
(1437, 40, '2025-10-26', 'Oktober  2025', '', NULL, '20000', NULL, 0),
(1438, 40, '2025-11-26', 'November  2025', '', NULL, '20000', NULL, 0),
(1439, 40, '2025-12-26', 'Desember  2025', '', NULL, '20000', NULL, 0),
(1440, 40, '2026-01-26', 'Januari  2026', '', NULL, '20000', NULL, 0),
(1441, 41, '2023-02-26', 'Februari  2023', '', NULL, '20000', NULL, 0),
(1442, 41, '2023-03-26', 'Maret  2023', '', NULL, '20000', NULL, 0),
(1443, 41, '2023-04-26', 'April  2023', '', NULL, '20000', NULL, 0),
(1444, 41, '2023-05-26', 'Mei  2023', '', NULL, '20000', NULL, 0),
(1445, 41, '2023-06-26', 'Juni  2023', '', NULL, '20000', NULL, 0),
(1446, 41, '2023-07-26', 'Juli  2023', '', NULL, '20000', NULL, 0),
(1447, 41, '2023-08-26', 'Agustus  2023', '', NULL, '20000', NULL, 0),
(1448, 41, '2023-09-26', 'September  2023', '', NULL, '20000', NULL, 0),
(1449, 41, '2023-10-26', 'Oktober  2023', '', NULL, '20000', NULL, 0),
(1450, 41, '2023-11-26', 'November  2023', '', NULL, '20000', NULL, 0),
(1451, 41, '2023-12-26', 'Desember  2023', '', NULL, '20000', NULL, 0),
(1452, 41, '2024-01-26', 'Januari  2024', '', NULL, '20000', NULL, 0),
(1453, 41, '2024-02-26', 'Februari  2024', '', NULL, '20000', NULL, 0),
(1454, 41, '2024-03-26', 'Maret  2024', '', NULL, '20000', NULL, 0),
(1455, 41, '2024-04-26', 'April  2024', '', NULL, '20000', NULL, 0),
(1456, 41, '2024-05-26', 'Mei  2024', '', NULL, '20000', NULL, 0),
(1457, 41, '2024-06-26', 'Juni  2024', '', NULL, '20000', NULL, 0),
(1458, 41, '2024-07-26', 'Juli  2024', '', NULL, '20000', NULL, 0),
(1459, 41, '2024-08-26', 'Agustus  2024', '', NULL, '20000', NULL, 0),
(1460, 41, '2024-09-26', 'September  2024', '', NULL, '20000', NULL, 0),
(1461, 41, '2024-10-26', 'Oktober  2024', '', NULL, '20000', NULL, 0),
(1462, 41, '2024-11-26', 'November  2024', '', NULL, '20000', NULL, 0),
(1463, 41, '2024-12-26', 'Desember  2024', '', NULL, '20000', NULL, 0),
(1464, 41, '2025-01-26', 'Januari  2025', '', NULL, '20000', NULL, 0),
(1465, 41, '2025-02-26', 'Februari  2025', '', NULL, '20000', NULL, 0),
(1466, 41, '2025-03-26', 'Maret  2025', '', NULL, '20000', NULL, 0),
(1467, 41, '2025-04-26', 'April  2025', '', NULL, '20000', NULL, 0),
(1468, 41, '2025-05-26', 'Mei  2025', '', NULL, '20000', NULL, 0),
(1469, 41, '2025-06-26', 'Juni  2025', '', NULL, '20000', NULL, 0),
(1470, 41, '2025-07-26', 'Juli  2025', '', NULL, '20000', NULL, 0),
(1471, 41, '2025-08-26', 'Agustus  2025', '', NULL, '20000', NULL, 0),
(1472, 41, '2025-09-26', 'September  2025', '', NULL, '20000', NULL, 0),
(1473, 41, '2025-10-26', 'Oktober  2025', '', NULL, '20000', NULL, 0),
(1474, 41, '2025-11-26', 'November  2025', '', NULL, '20000', NULL, 0),
(1475, 41, '2025-12-26', 'Desember  2025', '', NULL, '20000', NULL, 0),
(1476, 41, '2026-01-26', 'Januari  2026', '', NULL, '20000', NULL, 0),
(1477, 42, '2023-02-26', 'Februari  2023', '', NULL, '20000', NULL, 0),
(1478, 42, '2023-03-26', 'Maret  2023', '', NULL, '20000', NULL, 0),
(1479, 42, '2023-04-26', 'April  2023', '', NULL, '20000', NULL, 0),
(1480, 42, '2023-05-26', 'Mei  2023', '', NULL, '20000', NULL, 0),
(1481, 42, '2023-06-26', 'Juni  2023', '', NULL, '20000', NULL, 0),
(1482, 42, '2023-07-26', 'Juli  2023', '', NULL, '20000', NULL, 0),
(1483, 42, '2023-08-26', 'Agustus  2023', '', NULL, '20000', NULL, 0),
(1484, 42, '2023-09-26', 'September  2023', '', NULL, '20000', NULL, 0),
(1485, 42, '2023-10-26', 'Oktober  2023', '', NULL, '20000', NULL, 0),
(1486, 42, '2023-11-26', 'November  2023', '', NULL, '20000', NULL, 0),
(1487, 42, '2023-12-26', 'Desember  2023', '', NULL, '20000', NULL, 0),
(1488, 42, '2024-01-26', 'Januari  2024', '', NULL, '20000', NULL, 0),
(1489, 42, '2024-02-26', 'Februari  2024', '', NULL, '20000', NULL, 0),
(1490, 42, '2024-03-26', 'Maret  2024', '', NULL, '20000', NULL, 0),
(1491, 42, '2024-04-26', 'April  2024', '', NULL, '20000', NULL, 0),
(1492, 42, '2024-05-26', 'Mei  2024', '', NULL, '20000', NULL, 0),
(1493, 42, '2024-06-26', 'Juni  2024', '', NULL, '20000', NULL, 0),
(1494, 42, '2024-07-26', 'Juli  2024', '', NULL, '20000', NULL, 0),
(1495, 42, '2024-08-26', 'Agustus  2024', '', NULL, '20000', NULL, 0),
(1496, 42, '2024-09-26', 'September  2024', '', NULL, '20000', NULL, 0),
(1497, 42, '2024-10-26', 'Oktober  2024', '', NULL, '20000', NULL, 0),
(1498, 42, '2024-11-26', 'November  2024', '', NULL, '20000', NULL, 0),
(1499, 42, '2024-12-26', 'Desember  2024', '', NULL, '20000', NULL, 0),
(1500, 42, '2025-01-26', 'Januari  2025', '', NULL, '20000', NULL, 0),
(1501, 42, '2025-02-26', 'Februari  2025', '', NULL, '20000', NULL, 0),
(1502, 42, '2025-03-26', 'Maret  2025', '', NULL, '20000', NULL, 0),
(1503, 42, '2025-04-26', 'April  2025', '', NULL, '20000', NULL, 0),
(1504, 42, '2025-05-26', 'Mei  2025', '', NULL, '20000', NULL, 0),
(1505, 42, '2025-06-26', 'Juni  2025', '', NULL, '20000', NULL, 0),
(1506, 42, '2025-07-26', 'Juli  2025', '', NULL, '20000', NULL, 0),
(1507, 42, '2025-08-26', 'Agustus  2025', '', NULL, '20000', NULL, 0),
(1508, 42, '2025-09-26', 'September  2025', '', NULL, '20000', NULL, 0),
(1509, 42, '2025-10-26', 'Oktober  2025', '', NULL, '20000', NULL, 0),
(1510, 42, '2025-11-26', 'November  2025', '', NULL, '20000', NULL, 0),
(1511, 42, '2025-12-26', 'Desember  2025', '', NULL, '20000', NULL, 0),
(1512, 42, '2026-01-26', 'Januari  2026', '', NULL, '20000', NULL, 0);

-- --------------------------------------------------------

--
-- Table structure for table `siswa`
--

CREATE TABLE `siswa` (
  `id_siswa` int(11) NOT NULL,
  `nisn` varchar(50) NOT NULL,
  `nama` varchar(50) NOT NULL,
  `tempat_lahir` varchar(50) NOT NULL,
  `tanggal_lahir` date DEFAULT NULL,
  `gender` varchar(5) NOT NULL,
  `agama` varchar(12) NOT NULL,
  `pendidikan_sebelum` varchar(5) NOT NULL,
  `nama_ayah` varchar(50) NOT NULL,
  `nama_ibu` varchar(50) NOT NULL,
  `nama_wali` varchar(50) NOT NULL,
  `pekerjaan_ayah` varchar(50) NOT NULL,
  `pekerjaan_ibu` varchar(50) NOT NULL,
  `pekerjaan_wali` varchar(50) NOT NULL,
  `id_angkatan` int(11) NOT NULL,
  `id_tahun` int(11) NOT NULL,
  `id_kelas` int(11) NOT NULL,
  `alamat` text NOT NULL
) ENGINE=InnoDB DEFAULT CHARSET=utf8mb4 COLLATE=utf8mb4_general_ci;

--
-- Dumping data for table `siswa`
--

INSERT INTO `siswa` (`id_siswa`, `nisn`, `nama`, `tempat_lahir`, `tanggal_lahir`, `gender`, `agama`, `pendidikan_sebelum`, `nama_ayah`, `nama_ibu`, `nama_wali`, `pekerjaan_ayah`, `pekerjaan_ibu`, `pekerjaan_wali`, `id_angkatan`, `id_tahun`, `id_kelas`, `alamat`) VALUES
(11, '01', 'ADAD TSAQIB ELAFFAN', '', '0000-00-00', 'Jenis', '', '', '', '', '', '', '', '', 1, 1, 1, 'Jln'),
(12, '02', 'ADELIA UFAIRAH ATMARINI', '', '0000-00-00', 'Jenis', '', '', '', '', '', '', '', '', 1, 1, 1, ''),
(14, '03', 'AHMAD AL FARIZI', '', '0000-00-00', 'Jenis', '', '', '', '', '', '', '', '', 1, 1, 1, ''),
(15, '04', 'AHMAD BAIHAQI DHIYAULHAQ', '', '0000-00-00', 'Jenis', '', '', '', '', '', '', '', '', 1, 1, 1, ''),
(16, '05', 'AHMAD BUKHORI PASHA', '', '0000-00-00', 'Jenis', '', '', '', '', '', '', '', '', 1, 1, 1, ''),
(17, '06', 'AQILA KIRANA AZKA', '', '0000-00-00', 'Jenis', '', '', '', '', '', '', '', '', 1, 1, 1, ''),
(18, '07', 'BILQIST ZAHIRAH NISA', '', '0000-00-00', 'Jenis', '', '', '', '', '', '', '', '', 1, 1, 1, ''),
(19, '08', 'BINTANG AULYA RAMADZANI', '', '0000-00-00', 'Jenis', '', '', '', '', '', '', '', '', 1, 1, 1, ''),
(20, '09', 'FADLI ARDIANSYAH', '', '0000-00-00', 'Jenis', '', '', '', '', '', '', '', '', 1, 1, 1, ''),
(21, '10', 'FARHAN RAMADAN', '', '0000-00-00', 'Jenis', '', '', '', '', '', '', '', '', 1, 1, 1, ''),
(22, '11', 'FRESTIA QANITA AZALIA', '', '0000-00-00', 'Jenis', '', '', '', '', '', '', '', '', 1, 1, 1, ''),
(23, '12', 'GILANG ARGA WIJAYA', '', '0000-00-00', 'Jenis', '', '', '', '', '', '', '', '', 1, 1, 1, ''),
(24, '13', 'HALIGUR RASYID SHABIR', '', '0000-00-00', 'Jenis', '', '', '', '', '', '', '', '', 1, 1, 1, ''),
(25, '14', 'HAMZAH', '', '0000-00-00', 'Jenis', '', '', '', '', '', '', '', '', 1, 1, 1, ''),
(26, '15', 'HILAL AL FATALLAH', '', '0000-00-00', 'Jenis', '', '', '', '', '', '', '', '', 1, 1, 1, ''),
(27, '16', 'JULIAN PUTRA RAMDHANI', '', '0000-00-00', 'Jenis', '', '', '', '', '', '', '', '', 1, 1, 1, ''),
(28, '17', 'JUSTIN FIDELIUS', '', '0000-00-00', 'Jenis', '', '', '', '', '', '', '', '', 1, 1, 1, ''),
(29, '18', 'KISWAH HULUQI', '', '0000-00-00', 'Jenis', '', '', '', '', '', '', '', '', 1, 1, 1, ''),
(30, '19', 'MIKAIL PUAD IDZANIL HAQ', '', '0000-00-00', 'Jenis', '', '', '', '', '', '', '', '', 1, 1, 1, ''),
(31, '20', 'MUHAMAD AIDIL RAHMAN', '', '0000-00-00', 'Jenis', '', '', '', '', '', '', '', '', 1, 1, 1, ''),
(32, '21', 'MUHAMAD ARYA HABIBI', '', '0000-00-00', 'Jenis', '', '', '', '', '', '', '', '', 1, 1, 1, ''),
(33, '22', 'MUHAMMAD AHDAN HAMIZAN', '', '0000-00-00', 'Jenis', '', '', '', '', '', '', '', '', 1, 1, 1, ''),
(34, '23', 'MUHAMMAD HIKAM', '', '0000-00-00', 'Jenis', '', '', '', '', '', '', '', '', 1, 1, 1, ''),
(35, '24', 'NADIRA KHANIA', '', '0000-00-00', 'Jenis', '', '', '', '', '', '', '', '', 1, 1, 1, ''),
(36, '25', 'NAURA HASNA ANNIDA', '', '0000-00-00', 'Jenis', '', '', '', '', '', '', '', '', 1, 1, 1, ''),
(37, '26', 'NUNU NUELFAH', '', '0000-00-00', 'Jenis', '', '', '', '', '', '', '', '', 1, 1, 1, ''),
(38, '27', 'RAFFA JINAN ARSY', '', '0000-00-00', 'Jenis', '', '', '', '', '', '', '', '', 1, 1, 1, ''),
(39, '28', 'REHAN KURNIAWAN', '', '0000-00-00', 'Jenis', '', '', '', '', '', '', '', '', 1, 1, 1, ''),
(40, '29', 'SEFTIANA RAHMAH', '', '0000-00-00', 'Jenis', '', '', '', '', '', '', '', '', 1, 1, 1, ''),
(41, '30', 'TALITA DZILLY ARIKA', '', '0000-00-00', 'Jenis', '', '', '', '', '', '', '', '', 1, 1, 1, ''),
(42, '31', 'ZAHWA NURUL AULIA', '', '0000-00-00', 'Jenis', '', '', '', '', '', '', '', '', 1, 1, 1, '');

-- --------------------------------------------------------

--
-- Table structure for table `tahun`
--

CREATE TABLE `tahun` (
  `id_tahun` int(11) NOT NULL,
  `tahun_ajaran` varchar(50) NOT NULL
) ENGINE=InnoDB DEFAULT CHARSET=utf8mb4 COLLATE=utf8mb4_general_ci;

--
-- Dumping data for table `tahun`
--

INSERT INTO `tahun` (`id_tahun`, `tahun_ajaran`) VALUES
(1, '2022-2023'),
(2, '2023-2024');

--
-- Indexes for dumped tables
--

--
-- Indexes for table `admin`
--
ALTER TABLE `admin`
  ADD PRIMARY KEY (`id_admin`);

--
-- Indexes for table `angkatan`
--
ALTER TABLE `angkatan`
  ADD PRIMARY KEY (`id_angkatan`);

--
-- Indexes for table `kelas`
--
ALTER TABLE `kelas`
  ADD PRIMARY KEY (`id_kelas`);

--
-- Indexes for table `pembayaran`
--
ALTER TABLE `pembayaran`
  ADD PRIMARY KEY (`idspp`);

--
-- Indexes for table `siswa`
--
ALTER TABLE `siswa`
  ADD PRIMARY KEY (`id_siswa`);

--
-- Indexes for table `tahun`
--
ALTER TABLE `tahun`
  ADD PRIMARY KEY (`id_tahun`);

--
-- AUTO_INCREMENT for dumped tables
--

--
-- AUTO_INCREMENT for table `admin`
--
ALTER TABLE `admin`
  MODIFY `id_admin` int(11) NOT NULL AUTO_INCREMENT, AUTO_INCREMENT=3;

--
-- AUTO_INCREMENT for table `angkatan`
--
ALTER TABLE `angkatan`
  MODIFY `id_angkatan` int(11) NOT NULL AUTO_INCREMENT, AUTO_INCREMENT=2;

--
-- AUTO_INCREMENT for table `kelas`
--
ALTER TABLE `kelas`
  MODIFY `id_kelas` int(11) NOT NULL AUTO_INCREMENT, AUTO_INCREMENT=2;

--
-- AUTO_INCREMENT for table `pembayaran`
--
ALTER TABLE `pembayaran`
  MODIFY `idspp` int(11) NOT NULL AUTO_INCREMENT, AUTO_INCREMENT=1513;

--
-- AUTO_INCREMENT for table `siswa`
--
ALTER TABLE `siswa`
  MODIFY `id_siswa` int(11) NOT NULL AUTO_INCREMENT, AUTO_INCREMENT=43;

--
-- AUTO_INCREMENT for table `tahun`
--
ALTER TABLE `tahun`
  MODIFY `id_tahun` int(11) NOT NULL AUTO_INCREMENT, AUTO_INCREMENT=3;
COMMIT;

/*!40101 SET CHARACTER_SET_CLIENT=@OLD_CHARACTER_SET_CLIENT */;
/*!40101 SET CHARACTER_SET_RESULTS=@OLD_CHARACTER_SET_RESULTS */;
/*!40101 SET COLLATION_CONNECTION=@OLD_COLLATION_CONNECTION */;
